obs_date	station	air_temp_c	pressure_reading	daily_rain_mm
01-01-2012	Sunspire Dune	20.1	1010.2	0.08
02-01-2012	Sunspire Dune	20.1	1010.2	0.08
03-01-2012	Sunspire Dune	20.2	1010.3	0.09
04-01-2012	Sunspire Dune	20.2	1010.3	0.09
05-01-2012	Sunspire Dune	20.2	1010.3	0.09
06-01-2012	Sunspire Dune	20.3	1010.3	0.1
07-01-2012	Sunspire Dune	20.3	1010.4	0.1
08-01-2012	Sunspire Dune	20.4	1010.4	0.1
09-01-2012	Sunspire Dune	20.4	1010.4	0.1
10-01-2012	Sunspire Dune	20.5	1010.5	0.11
11-01-2012	Sunspire Dune	20.5	1010.5	0.11
12-01-2012	Sunspire Dune	20.5	1010.5	0.11
13-01-2012	Sunspire Dune	20.6	1010.5	0.11
14-01-2012	Sunspire Dune	20.6	1010.6	0.11
15-01-2012	Sunspire Dune	20.7	1010.6	0.12
16-01-2012	Sunspire Dune	20.7	1010.6	0.12
17-01-2012	Sunspire Dune	20.8	1010.6	0.12
18-01-2012	Sunspire Dune	20.8	1010.6	0.12
19-01-2012	Sunspire Dune	20.9	1010.7	0.12
20-01-2012	Sunspire Dune	20.9	1010.7	0.12
21-01-2012	Sunspire Dune	21.0	1010.7	0.12
22-01-2012	Sunspire Dune	21.1	1010.7	0.12
23-01-2012	Sunspire Dune	21.1	1010.7	0.12
24-01-2012	Sunspire Dune	21.2	1010.8	0.12
25-01-2012	Sunspire Dune	21.2	1010.8	0.12
26-01-2012	Sunspire Dune	21.3	1010.8	0.12
27-01-2012	Sunspire Dune	21.4	1010.8	0.12
28-01-2012	Sunspire Dune	21.4	1010.8	0.11
29-01-2012	Sunspire Dune	21.5	1010.8	0.11
30-01-2012	Sunspire Dune	21.6	1010.8	0.11
31-01-2012	Sunspire Dune	21.6	1010.8	0.11
01-02-2012	Sunspire Dune	21.7	1010.8	0.11
02-02-2012	Sunspire Dune	21.8	1010.8	0.11
03-02-2012	Sunspire Dune	21.9	1010.8	0.1
04-02-2012	Sunspire Dune	21.9	1010.9	0.1
05-02-2012	Sunspire Dune	22.0	1010.9	0.1
06-02-2012	Sunspire Dune	22.1	1010.9	0.09
07-02-2012	Sunspire Dune	22.2	1010.9	0.09
08-02-2012	Sunspire Dune	22.3	1010.9	0.09
09-02-2012	Sunspire Dune	22.4	1010.9	0.09
10-02-2012	Sunspire Dune	22.5	1010.9	0.08
11-02-2012	Sunspire Dune	22.6	1010.8	0.08
12-02-2012	Sunspire Dune	22.6	1010.8	0.08
13-02-2012	Sunspire Dune	22.7	1010.8	0.09
14-02-2012	Sunspire Dune	22.8	1010.8	0.09
15-02-2012	Sunspire Dune	23.0	1010.8	0.09
16-02-2012	Sunspire Dune	23.1	1010.8	0.1
17-02-2012	Sunspire Dune	23.2	1010.8	0.1
18-02-2012	Sunspire Dune	23.3	1010.8	0.1
19-02-2012	Sunspire Dune	23.4	1010.8	0.1
20-02-2012	Sunspire Dune	23.5	1010.8	0.11
21-02-2012	Sunspire Dune	23.6	1010.8	0.11
22-02-2012	Sunspire Dune	23.7	1010.7	0.11
23-02-2012	Sunspire Dune	23.9	1010.7	0.11
24-02-2012	Sunspire Dune	24.0	1010.7	0.11
25-02-2012	Sunspire Dune	24.1	1010.7	0.12
26-02-2012	Sunspire Dune	24.2	1010.7	0.12
27-02-2012	Sunspire Dune	24.4	1010.6	0.12
28-02-2012	Sunspire Dune	24.5	1010.6	0.12
29-02-2012	Sunspire Dune	24.7	1010.6	0.12
01-03-2012	Sunspire Dune	24.8	1010.6	0.12
02-03-2012	Sunspire Dune	24.9	1010.6	0.12
03-03-2012	Sunspire Dune	25.1	1010.5	0.12
04-03-2012	Sunspire Dune	25.2	1010.5	0.12
05-03-2012	Sunspire Dune	25.4	1010.5	0.12
06-03-2012	Sunspire Dune	25.5	1010.5	0.12
07-03-2012	Sunspire Dune	25.7	1010.4	0.12
08-03-2012	Sunspire Dune	25.8	1010.4	0.12
09-03-2012	Sunspire Dune	26.0	1010.4	0.11
10-03-2012	Sunspire Dune	26.1	1010.3	0.11
11-03-2012	Sunspire Dune	26.3	1010.3	0.11
12-03-2012	Sunspire Dune	26.4	1010.3	0.11
13-03-2012	Sunspire Dune	26.6	1010.2	0.11
14-03-2012	Sunspire Dune	26.7	1010.2	0.1
15-03-2012	Sunspire Dune	26.9	1010.2	0.1
16-03-2012	Sunspire Dune	27.1	1010.1	0.1
17-03-2012	Sunspire Dune	27.2	1010.1	0.1
18-03-2012	Sunspire Dune	27.4	1010.0	0.09
19-03-2012	Sunspire Dune	27.6	1010.0	0.09
20-03-2012	Sunspire Dune	27.7	1010.0	0.09
21-03-2012	Sunspire Dune	27.9	1009.9	0.09
22-03-2012	Sunspire Dune	28.0	1009.9	0.08
23-03-2012	Sunspire Dune	28.2	1009.8	0.08
24-03-2012	Sunspire Dune	28.4	1009.8	0.08
25-03-2012	Sunspire Dune	28.5	1009.8	0.09
26-03-2012	Sunspire Dune	28.7	1009.7	0.09
27-03-2012	Sunspire Dune	28.9	1009.7	0.09
28-03-2012	Sunspire Dune	29.0	1009.6	0.1
29-03-2012	Sunspire Dune	29.2	1009.6	0.1
30-03-2012	Sunspire Dune	29.3	1009.5	0.1
31-03-2012	Sunspire Dune	29.5	1009.5	0.1
01-04-2012	Sunspire Dune	29.6	1009.4	0.11
02-04-2012	Sunspire Dune	29.8	1009.4	0.11
03-04-2012	Sunspire Dune	30.0	1009.3	0.11
04-04-2012	Sunspire Dune	30.1	1009.3	0.11
05-04-2012	Sunspire Dune	30.3	1009.3	0.11
06-04-2012	Sunspire Dune	30.4	1009.2	0.12
07-04-2012	Sunspire Dune	30.6	1009.2	0.12
08-04-2012	Sunspire Dune	30.7	1009.1	0.12
09-04-2012	Sunspire Dune	30.9	1009.1	0.12
10-04-2012	Sunspire Dune	31.0	1009.0	0.12
11-04-2012	Sunspire Dune	31.2	1009.0	0.12
12-04-2012	Sunspire Dune	31.3	1008.9	0.12
13-04-2012	Sunspire Dune	31.4	1008.9	0.12
14-04-2012	Sunspire Dune	31.6	1008.8	0.12
15-04-2012	Sunspire Dune	31.7	1008.8	0.12
16-04-2012	Sunspire Dune	31.9	1008.7	0.12
17-04-2012	Sunspire Dune	32.0	1008.7	0.12
18-04-2012	Sunspire Dune	32.1	1008.6	0.12
19-04-2012	Sunspire Dune	32.3	1008.6	0.11
20-04-2012	Sunspire Dune	32.4	1008.5	0.11
21-04-2012	Sunspire Dune	32.5	1008.5	0.11
22-04-2012	Sunspire Dune	32.6	1008.4	0.11
23-04-2012	Sunspire Dune	32.8	1008.4	0.11
24-04-2012	Sunspire Dune	32.9	1008.3	0.1
25-04-2012	Sunspire Dune	33.0	1008.3	0.1
26-04-2012	Sunspire Dune	33.1	1008.2	0.1
27-04-2012	Sunspire Dune	33.2	1008.2	0.1
28-04-2012	Sunspire Dune	33.3	1008.1	0.09
29-04-2012	Sunspire Dune	33.4	1008.1	0.09
30-04-2012	Sunspire Dune	33.6	1008.0	0.09
01-05-2012	Sunspire Dune	33.7	1008.0	0.08
02-05-2012	Sunspire Dune	33.8	1007.9	0.08
03-05-2012	Sunspire Dune	33.9	1007.9	0.08
04-05-2012	Sunspire Dune	34.0	1007.8	0.08
05-05-2012	Sunspire Dune	34.1	1007.8	0.09
06-05-2012	Sunspire Dune	34.2	1007.7	0.09
07-05-2012	Sunspire Dune	34.3	1007.7	0.09
08-05-2012	Sunspire Dune	34.4	1007.6	0.1
09-05-2012	Sunspire Dune	34.5	1007.6	0.1
10-05-2012	Sunspire Dune	34.6	1007.5	0.1
11-05-2012	Sunspire Dune	34.7	1007.5	0.1
12-05-2012	Sunspire Dune	34.8	1007.4	0.11
13-05-2012	Sunspire Dune	34.9	1007.4	0.11
14-05-2012	Sunspire Dune	35.0	1007.3	0.11
15-05-2012	Sunspire Dune	35.0	1007.3	0.11
16-05-2012	Sunspire Dune	35.1	1007.3	0.11
17-05-2012	Sunspire Dune	35.2	1007.2	0.12
18-05-2012	Sunspire Dune	35.3	1007.2	0.12
19-05-2012	Sunspire Dune	35.4	1007.1	0.12
20-05-2012	Sunspire Dune	35.5	1007.1	0.12
21-05-2012	Sunspire Dune	35.6	1007.1	0.12
22-05-2012	Sunspire Dune	35.7	1007.0	0.12
23-05-2012	Sunspire Dune	35.8	1007.0	0.12
24-05-2012	Sunspire Dune	35.9	1006.9	0.12
25-05-2012	Sunspire Dune	35.9	1006.9	0.12
26-05-2012	Sunspire Dune	36.0	1006.9	0.12
27-05-2012	Sunspire Dune	36.1	1006.8	0.12
28-05-2012	Sunspire Dune	36.2	1006.8	0.12
29-05-2012	Sunspire Dune	36.3	1006.8	0.12
30-05-2012	Sunspire Dune	36.4	1006.7	0.11
31-05-2012	Sunspire Dune	36.5	1006.7	0.11
01-06-2012	Sunspire Dune	36.6	1006.7	0.11
02-06-2012	Sunspire Dune	36.7	1006.6	0.11
03-06-2012	Sunspire Dune	36.7	1006.6	0.11
04-06-2012	Sunspire Dune	36.8	1006.6	0.1
05-06-2012	Sunspire Dune	36.9	1006.5	0.1
06-06-2012	Sunspire Dune	37.0	1006.5	0.1
07-06-2012	Sunspire Dune	37.1	1006.5	0.1
08-06-2012	Sunspire Dune	37.2	1006.5	0.09
09-06-2012	Sunspire Dune	37.3	1006.4	0.09
10-06-2012	Sunspire Dune	37.4	1006.4	0.09
11-06-2012	Sunspire Dune	37.5	1006.4	0.08
12-06-2012	Sunspire Dune	37.5	1006.4	0.08
13-06-2012	Sunspire Dune	37.6	1006.3	0.08
14-06-2012	Sunspire Dune	37.7	1006.3	0.09
15-06-2012	Sunspire Dune	37.8	1006.3	0.09
16-06-2012	Sunspire Dune	37.9	1006.3	0.09
17-06-2012	Sunspire Dune	38.0	1006.3	0.09
18-06-2012	Sunspire Dune	38.1	1006.2	0.1
19-06-2012	Sunspire Dune	38.1	1006.2	0.1
20-06-2012	Sunspire Dune	38.2	1006.2	0.1
21-06-2012	Sunspire Dune	38.3	1006.2	0.1
22-06-2012	Sunspire Dune	38.4	1006.2	0.11
23-06-2012	Sunspire Dune	38.5	1006.2	0.11
24-06-2012	Sunspire Dune	38.5	1006.1	0.11
25-06-2012	Sunspire Dune	38.6	1006.1	0.11
26-06-2012	Sunspire Dune	38.7	1006.1	0.11
27-06-2012	Sunspire Dune	38.8	1006.1	0.12
28-06-2012	Sunspire Dune	38.8	1006.1	0.12
29-06-2012	Sunspire Dune	38.9	1006.1	0.12
30-06-2012	Sunspire Dune	39.0	1006.1	0.12
01-07-2012	Sunspire Dune	39.0	1006.1	0.38
02-07-2012	Sunspire Dune	39.1	1006.1	0.39
03-07-2012	Sunspire Dune	39.2	1006.0	0.41
04-07-2012	Sunspire Dune	39.2	1006.0	0.44
05-07-2012	Sunspire Dune	39.3	1006.0	0.47
06-07-2012	Sunspire Dune	39.3	1006.0	0.51
07-07-2012	Sunspire Dune	39.4	1006.0	0.55
08-07-2012	Sunspire Dune	39.4	1006.0	0.59
09-07-2012	Sunspire Dune	39.5	1006.0	0.62
10-07-2012	Sunspire Dune	39.5	1006.0	0.66
11-07-2012	Sunspire Dune	39.6	1006.0	0.69
12-07-2012	Sunspire Dune	39.6	1006.0	0.72
13-07-2012	Sunspire Dune	39.6	1006.0	0.74
14-07-2012	Sunspire Dune	39.6	1006.0	0.75
15-07-2012	Sunspire Dune	39.7	1006.0	0.75
16-07-2012	Sunspire Dune	39.7	1006.0	0.75
17-07-2012	Sunspire Dune	39.7	1006.0	0.74
18-07-2012	Sunspire Dune	39.7	1006.0	0.72
19-07-2012	Sunspire Dune	39.7	1006.0	0.69
20-07-2012	Sunspire Dune	39.7	1006.0	0.66
21-07-2012	Sunspire Dune	39.7	1006.0	0.62
22-07-2012	Sunspire Dune	39.7	1006.0	0.58
23-07-2012	Sunspire Dune	39.6	1006.0	0.54
24-07-2012	Sunspire Dune	39.6	1006.1	0.5
25-07-2012	Sunspire Dune	39.6	1006.1	0.47
26-07-2012	Sunspire Dune	39.6	1006.1	0.43
27-07-2012	Sunspire Dune	39.5	1006.1	0.4
28-07-2012	Sunspire Dune	39.5	1006.1	0.38
29-07-2012	Sunspire Dune	39.4	1006.1	0.36
30-07-2012	Sunspire Dune	39.4	1006.1	0.35
31-07-2012	Sunspire Dune	39.3	1006.1	0.35
01-08-2012	Sunspire Dune	39.3	1006.1	0.36
02-08-2012	Sunspire Dune	39.2	1006.1	0.37
03-08-2012	Sunspire Dune	39.1	1006.1	0.39
04-08-2012	Sunspire Dune	39.0	1006.2	0.42
05-08-2012	Sunspire Dune	39.0	1006.2	0.45
06-08-2012	Sunspire Dune	38.9	1006.2	0.49
07-08-2012	Sunspire Dune	38.8	1006.2	0.53
08-08-2012	Sunspire Dune	38.7	1006.2	0.57
09-08-2012	Sunspire Dune	38.6	1006.2	0.61
10-08-2012	Sunspire Dune	38.5	1006.2	0.65
11-08-2012	Sunspire Dune	38.3	1006.2	0.69
12-08-2012	Sunspire Dune	38.2	1006.3	0.72
13-08-2012	Sunspire Dune	38.1	1006.3	0.74
14-08-2012	Sunspire Dune	38.0	1006.3	0.76
15-08-2012	Sunspire Dune	37.8	1006.3	0.77
16-08-2012	Sunspire Dune	37.7	1006.3	0.77
17-08-2012	Sunspire Dune	37.6	1006.3	0.76
18-08-2012	Sunspire Dune	37.4	1006.4	0.75
19-08-2012	Sunspire Dune	37.3	1006.4	0.72
20-08-2012	Sunspire Dune	37.1	1006.4	0.7
21-08-2012	Sunspire Dune	36.9	1006.4	0.66
22-08-2012	Sunspire Dune	36.8	1006.4	0.62
23-08-2012	Sunspire Dune	36.6	1006.4	0.58
24-08-2012	Sunspire Dune	36.4	1006.5	0.54
25-08-2012	Sunspire Dune	36.3	1006.5	0.5
26-08-2012	Sunspire Dune	36.1	1006.5	0.46
27-08-2012	Sunspire Dune	35.9	1006.5	0.42
28-08-2012	Sunspire Dune	35.7	1006.5	0.39
29-08-2012	Sunspire Dune	35.5	1006.6	0.37
30-08-2012	Sunspire Dune	35.4	1006.6	0.35
31-08-2012	Sunspire Dune	35.2	1006.6	0.34
01-09-2012	Sunspire Dune	35.0	1006.6	0.33
02-09-2012	Sunspire Dune	34.8	1006.6	0.34
03-09-2012	Sunspire Dune	34.6	1006.7	0.36
04-09-2012	Sunspire Dune	34.4	1006.7	0.38
05-09-2012	Sunspire Dune	34.2	1006.7	0.42
06-09-2012	Sunspire Dune	34.0	1006.7	0.45
07-09-2012	Sunspire Dune	33.8	1006.7	0.49
08-09-2012	Sunspire Dune	33.6	1006.8	0.53
09-09-2012	Sunspire Dune	33.4	1006.8	0.58
10-09-2012	Sunspire Dune	33.2	1006.8	0.62
11-09-2012	Sunspire Dune	33.0	1006.8	0.66
12-09-2012	Sunspire Dune	32.7	1006.8	0.69
13-09-2012	Sunspire Dune	32.5	1006.9	0.72
14-09-2012	Sunspire Dune	32.3	1006.9	0.74
15-09-2012	Sunspire Dune	32.1	1006.9	0.76
16-09-2012	Sunspire Dune	31.9	1006.9	0.77
17-09-2012	Sunspire Dune	31.7	1007.0	0.76
18-09-2012	Sunspire Dune	31.5	1007.0	0.75
19-09-2012	Sunspire Dune	31.3	1007.0	0.74
20-09-2012	Sunspire Dune	31.1	1007.0	0.71
21-09-2012	Sunspire Dune	30.9	1007.0	0.68
22-09-2012	Sunspire Dune	30.7	1007.1	0.65
23-09-2012	Sunspire Dune	30.5	1007.1	0.61
24-09-2012	Sunspire Dune	30.3	1007.1	0.57
25-09-2012	Sunspire Dune	30.1	1007.1	0.53
26-09-2012	Sunspire Dune	29.9	1007.2	0.49
27-09-2012	Sunspire Dune	29.7	1007.2	0.46
28-09-2012	Sunspire Dune	29.5	1007.2	0.42
29-09-2012	Sunspire Dune	29.3	1007.2	0.4
30-09-2012	Sunspire Dune	29.1	1007.2	0.38
01-10-2012	Sunspire Dune	28.9	1007.3	0.11
02-10-2012	Sunspire Dune	28.7	1007.3	0.11
03-10-2012	Sunspire Dune	28.5	1007.3	0.11
04-10-2012	Sunspire Dune	28.3	1007.3	0.11
05-10-2012	Sunspire Dune	28.2	1007.4	0.1
06-10-2012	Sunspire Dune	28.0	1007.4	0.1
07-10-2012	Sunspire Dune	27.8	1007.4	0.1
08-10-2012	Sunspire Dune	27.6	1007.4	0.09
09-10-2012	Sunspire Dune	27.4	1007.5	0.09
10-10-2012	Sunspire Dune	27.3	1007.5	0.09
11-10-2012	Sunspire Dune	27.1	1007.5	0.09
12-10-2012	Sunspire Dune	26.9	1007.5	0.08
13-10-2012	Sunspire Dune	26.7	1007.6	0.08
14-10-2012	Sunspire Dune	26.6	1007.6	0.08
15-10-2012	Sunspire Dune	26.4	1007.6	0.09
16-10-2012	Sunspire Dune	26.2	1007.6	0.09
17-10-2012	Sunspire Dune	26.1	1007.7	0.09
18-10-2012	Sunspire Dune	25.9	1007.7	0.1
19-10-2012	Sunspire Dune	25.8	1007.7	0.1
20-10-2012	Sunspire Dune	25.6	1007.7	0.1
21-10-2012	Sunspire Dune	25.4	1007.8	0.1
22-10-2012	Sunspire Dune	25.3	1007.8	0.11
23-10-2012	Sunspire Dune	25.1	1007.8	0.11
24-10-2012	Sunspire Dune	25.0	1007.8	0.11
25-10-2012	Sunspire Dune	24.8	1007.9	0.11
26-10-2012	Sunspire Dune	24.7	1007.9	0.11
27-10-2012	Sunspire Dune	24.5	1007.9	0.12
28-10-2012	Sunspire Dune	24.4	1008.0	0.12
29-10-2012	Sunspire Dune	24.2	1008.0	0.12
30-10-2012	Sunspire Dune	24.1	1008.0	0.12
31-10-2012	Sunspire Dune	24.0	1008.0	0.12
01-11-2012	Sunspire Dune	23.8	1008.1	0.12
02-11-2012	Sunspire Dune	23.7	1008.1	0.12
03-11-2012	Sunspire Dune	23.6	1008.1	0.12
04-11-2012	Sunspire Dune	23.4	1008.1	0.12
05-11-2012	Sunspire Dune	23.3	1008.2	0.12
06-11-2012	Sunspire Dune	23.2	1008.2	0.12
07-11-2012	Sunspire Dune	23.0	1008.2	0.12
08-11-2012	Sunspire Dune	22.9	1008.3	0.12
09-11-2012	Sunspire Dune	22.8	1008.3	0.11
10-11-2012	Sunspire Dune	22.6	1008.3	0.11
11-11-2012	Sunspire Dune	22.5	1008.3	0.11
12-11-2012	Sunspire Dune	22.4	1008.4	0.11
13-11-2012	Sunspire Dune	22.3	1008.4	0.11
14-11-2012	Sunspire Dune	22.2	1008.4	0.1
15-11-2012	Sunspire Dune	22.0	1008.5	0.1
16-11-2012	Sunspire Dune	21.9	1008.5	0.1
17-11-2012	Sunspire Dune	21.8	1008.5	0.1
18-11-2012	Sunspire Dune	21.7	1008.6	0.09
19-11-2012	Sunspire Dune	21.6	1008.6	0.09
20-11-2012	Sunspire Dune	21.5	1008.6	0.09
21-11-2012	Sunspire Dune	21.4	1008.7	0.09
22-11-2012	Sunspire Dune	21.3	1008.7	0.08
23-11-2012	Sunspire Dune	21.1	1008.7	0.08
24-11-2012	Sunspire Dune	21.0	1008.7	0.08
25-11-2012	Sunspire Dune	20.9	1008.8	0.09
26-11-2012	Sunspire Dune	20.8	1008.8	0.09
27-11-2012	Sunspire Dune	20.7	1008.8	0.09
28-11-2012	Sunspire Dune	20.6	1008.9	0.1
29-11-2012	Sunspire Dune	20.6	1008.9	0.1
30-11-2012	Sunspire Dune	20.5	1008.9	0.1
01-12-2012	Sunspire Dune	20.4	1009.0	0.1
02-12-2012	Sunspire Dune	20.3	1009.0	0.11
03-12-2012	Sunspire Dune	20.2	1009.0	0.11
04-12-2012	Sunspire Dune	20.1	1009.1	0.11
05-12-2012	Sunspire Dune	20.0	1009.1	0.11
06-12-2012	Sunspire Dune	20.0	1009.1	0.11
07-12-2012	Sunspire Dune	19.9	1009.2	0.12
08-12-2012	Sunspire Dune	19.8	1009.2	0.12
09-12-2012	Sunspire Dune	19.8	1009.2	0.12
10-12-2012	Sunspire Dune	19.7	1009.3	0.12
11-12-2012	Sunspire Dune	19.6	1009.3	0.12
12-12-2012	Sunspire Dune	19.6	1009.3	0.12
13-12-2012	Sunspire Dune	19.5	1009.3	0.12
14-12-2012	Sunspire Dune	19.5	1009.4	0.12
15-12-2012	Sunspire Dune	19.4	1009.4	0.12
16-12-2012	Sunspire Dune	19.4	1009.4	0.12
17-12-2012	Sunspire Dune	19.3	1009.5	0.12
18-12-2012	Sunspire Dune	19.3	1009.5	0.12
19-12-2012	Sunspire Dune	19.3	1009.5	0.12
20-12-2012	Sunspire Dune	19.2	1009.6	0.11
21-12-2012	Sunspire Dune	19.2	1009.6	0.11
22-12-2012	Sunspire Dune	19.2	1009.6	0.11
23-12-2012	Sunspire Dune	19.2	1009.7	0.11
24-12-2012	Sunspire Dune	19.2	1009.7	0.11
25-12-2012	Sunspire Dune	19.1	1009.7	0.1
26-12-2012	Sunspire Dune	19.1	1009.8	0.1
27-12-2012	Sunspire Dune	19.1	1009.8	0.1
28-12-2012	Sunspire Dune	19.1	1009.8	0.1
29-12-2012	Sunspire Dune	19.2	1009.8	0.09
30-12-2012	Sunspire Dune	19.2	1009.9	0.09
31-12-2012	Sunspire Dune	19.2	1009.9	0.09
01-01-2013	Sunspire Dune	19.2	1009.9	0.08
02-01-2013	Sunspire Dune	19.3	1009.9	0.08
03-01-2013	Sunspire Dune	19.3	1010.0	0.08
04-01-2013	Sunspire Dune	19.3	1010.0	0.08
05-01-2013	Sunspire Dune	19.4	1010.0	0.09
06-01-2013	Sunspire Dune	19.4	1010.1	0.09
07-01-2013	Sunspire Dune	19.5	1010.1	0.09
08-01-2013	Sunspire Dune	19.5	1010.1	0.1
09-01-2013	Sunspire Dune	19.6	1010.1	0.1
10-01-2013	Sunspire Dune	19.6	1010.2	0.1
11-01-2013	Sunspire Dune	19.7	1010.2	0.1
12-01-2013	Sunspire Dune	19.7	1010.2	0.11
13-01-2013	Sunspire Dune	19.8	1010.2	0.11
14-01-2013	Sunspire Dune	19.9	1010.3	0.11
15-01-2013	Sunspire Dune	20.0	1010.3	0.11
16-01-2013	Sunspire Dune	20.0	1010.3	0.11
17-01-2013	Sunspire Dune	20.1	1010.3	0.12
18-01-2013	Sunspire Dune	20.2	1010.4	0.12
19-01-2013	Sunspire Dune	20.3	1010.4	0.12
20-01-2013	Sunspire Dune	20.4	1010.4	0.12
21-01-2013	Sunspire Dune	20.5	1010.4	0.12
22-01-2013	Sunspire Dune	20.6	1010.4	0.12
23-01-2013	Sunspire Dune	20.7	1010.5	0.12
24-01-2013	Sunspire Dune	20.8	1010.5	0.12
25-01-2013	Sunspire Dune	20.9	1010.5	0.12
26-01-2013	Sunspire Dune	21.1	1010.5	0.12
27-01-2013	Sunspire Dune	21.2	1010.5	0.12
28-01-2013	Sunspire Dune	21.3	1010.5	0.12
29-01-2013	Sunspire Dune	21.4	1010.6	0.12
30-01-2013	Sunspire Dune	21.5	1010.6	0.11
31-01-2013	Sunspire Dune	21.7	1010.6	0.11
01-02-2013	Sunspire Dune	21.8	1010.6	0.11
02-02-2013	Sunspire Dune	21.9	1010.6	0.11
03-02-2013	Sunspire Dune	22.1	1010.6	0.11
04-02-2013	Sunspire Dune	22.2	1010.6	0.1
05-02-2013	Sunspire Dune	22.3	1010.6	0.1
06-02-2013	Sunspire Dune	22.5	1010.6	0.1
07-02-2013	Sunspire Dune	22.6	1010.7	0.1
08-02-2013	Sunspire Dune	22.7	1010.7	0.09
09-02-2013	Sunspire Dune	22.9	1010.7	0.09
10-02-2013	Sunspire Dune	23.0	1010.7	0.09
11-02-2013	Sunspire Dune	23.2	1010.7	0.08
12-02-2013	Sunspire Dune	23.3	1010.7	0.08
13-02-2013	Sunspire Dune	23.4	1010.7	0.08
14-02-2013	Sunspire Dune	23.6	1010.7	0.08
15-02-2013	Sunspire Dune	23.7	1010.7	0.09
16-02-2013	Sunspire Dune	23.9	1010.7	0.09
17-02-2013	Sunspire Dune	24.0	1010.7	0.09
18-02-2013	Sunspire Dune	24.1	1010.7	0.1
19-02-2013	Sunspire Dune	24.3	1010.7	0.1
20-02-2013	Sunspire Dune	24.4	1010.7	0.1
21-02-2013	Sunspire Dune	24.6	1010.7	0.1
22-02-2013	Sunspire Dune	24.7	1010.7	0.11
23-02-2013	Sunspire Dune	24.8	1010.7	0.11
24-02-2013	Sunspire Dune	25.0	1010.6	0.11
25-02-2013	Sunspire Dune	25.1	1010.6	0.11
26-02-2013	Sunspire Dune	25.2	1010.6	0.11
27-02-2013	Sunspire Dune	25.4	1010.6	0.12
28-02-2013	Sunspire Dune	25.5	1010.6	0.12
01-03-2013	Sunspire Dune	25.6	1010.6	0.12
02-03-2013	Sunspire Dune	25.8	1010.6	0.12
03-03-2013	Sunspire Dune	25.9	1010.6	0.12
04-03-2013	Sunspire Dune	26.0	1010.5	0.12
05-03-2013	Sunspire Dune	26.1	1010.5	0.12
06-03-2013	Sunspire Dune	26.3	1010.5	0.12
07-03-2013	Sunspire Dune	26.4	1010.5	0.12
08-03-2013	Sunspire Dune	26.5	1010.5	0.12
09-03-2013	Sunspire Dune	26.6	1010.5	0.12
10-03-2013	Sunspire Dune	26.8	1010.4	0.12
11-03-2013	Sunspire Dune	26.9	1010.4	0.12
12-03-2013	Sunspire Dune	27.0	1010.4	0.11
13-03-2013	Sunspire Dune	27.1	1010.4	0.11
14-03-2013	Sunspire Dune	27.2	1010.3	0.11
15-03-2013	Sunspire Dune	27.3	1010.3	0.11
16-03-2013	Sunspire Dune	27.4	1010.3	0.11
17-03-2013	Sunspire Dune	27.6	1010.3	0.1
18-03-2013	Sunspire Dune	27.7	1010.2	0.1
19-03-2013	Sunspire Dune	27.8	1010.2	0.1
20-03-2013	Sunspire Dune	27.9	1010.2	0.1
21-03-2013	Sunspire Dune	28.0	1010.1	0.09
22-03-2013	Sunspire Dune	28.1	1010.1	0.09
23-03-2013	Sunspire Dune	28.2	1010.1	0.09
24-03-2013	Sunspire Dune	28.3	1010.0	0.08
25-03-2013	Sunspire Dune	28.4	1010.0	0.08
26-03-2013	Sunspire Dune	28.5	1010.0	0.08
27-03-2013	Sunspire Dune	28.6	1009.9	0.09
28-03-2013	Sunspire Dune	28.7	1009.9	0.09
29-03-2013	Sunspire Dune	28.8	1009.9	0.09
30-03-2013	Sunspire Dune	28.9	1009.8	0.09
31-03-2013	Sunspire Dune	29.0	1009.8	0.1
01-04-2013	Sunspire Dune	29.1	1009.7	0.1
02-04-2013	Sunspire Dune	29.2	1009.7	0.1
03-04-2013	Sunspire Dune	29.4	1009.6	0.1
04-04-2013	Sunspire Dune	29.5	1009.6	0.11
05-04-2013	Sunspire Dune	29.6	1009.6	0.11
06-04-2013	Sunspire Dune	29.7	1009.5	0.11
07-04-2013	Sunspire Dune	29.8	1009.5	0.11
08-04-2013	Sunspire Dune	29.9	1009.4	0.11
09-04-2013	Sunspire Dune	30.0	1009.4	0.12
10-04-2013	Sunspire Dune	30.1	1009.3	0.12
11-04-2013	Sunspire Dune	30.2	1009.3	0.12
12-04-2013	Sunspire Dune	30.3	1009.2	0.12
13-04-2013	Sunspire Dune	30.4	1009.2	0.12
14-04-2013	Sunspire Dune	30.6	1009.1	0.12
15-04-2013	Sunspire Dune	30.7	1009.1	0.12
16-04-2013	Sunspire Dune	30.8	1009.1	0.12
17-04-2013	Sunspire Dune	30.9	1009.0	0.12
18-04-2013	Sunspire Dune	31.0	1009.0	0.12
19-04-2013	Sunspire Dune	31.2	1008.9	0.12
20-04-2013	Sunspire Dune	31.3	1008.9	0.12
21-04-2013	Sunspire Dune	31.4	1008.8	0.12
22-04-2013	Sunspire Dune	31.5	1008.7	0.11
23-04-2013	Sunspire Dune	31.7	1008.7	0.11
24-04-2013	Sunspire Dune	31.8	1008.6	0.11
25-04-2013	Sunspire Dune	31.9	1008.6	0.11
26-04-2013	Sunspire Dune	32.1	1008.5	0.11
27-04-2013	Sunspire Dune	32.2	1008.5	0.1
28-04-2013	Sunspire Dune	32.3	1008.4	0.1
29-04-2013	Sunspire Dune	32.5	1008.4	0.1
30-04-2013	Sunspire Dune	32.6	1008.3	0.1
01-05-2013	Sunspire Dune	32.7	1008.3	0.09
02-05-2013	Sunspire Dune	32.9	1008.2	0.09
03-05-2013	Sunspire Dune	33.0	1008.2	0.09
04-05-2013	Sunspire Dune	33.2	1008.1	0.08
05-05-2013	Sunspire Dune	33.3	1008.1	0.08
06-05-2013	Sunspire Dune	33.5	1008.0	0.08
07-05-2013	Sunspire Dune	33.6	1008.0	0.09
08-05-2013	Sunspire Dune	33.8	1007.9	0.09
09-05-2013	Sunspire Dune	33.9	1007.9	0.09
10-05-2013	Sunspire Dune	34.0	1007.8	0.09
11-05-2013	Sunspire Dune	34.2	1007.8	0.1
12-05-2013	Sunspire Dune	34.3	1007.7	0.1
13-05-2013	Sunspire Dune	34.5	1007.7	0.1
14-05-2013	Sunspire Dune	34.6	1007.6	0.11
15-05-2013	Sunspire Dune	34.8	1007.6	0.11
16-05-2013	Sunspire Dune	34.9	1007.5	0.11
17-05-2013	Sunspire Dune	35.1	1007.5	0.11
18-05-2013	Sunspire Dune	35.2	1007.4	0.11
19-05-2013	Sunspire Dune	35.4	1007.4	0.12
20-05-2013	Sunspire Dune	35.5	1007.3	0.12
21-05-2013	Sunspire Dune	35.7	1007.3	0.12
22-05-2013	Sunspire Dune	35.8	1007.2	0.12
23-05-2013	Sunspire Dune	36.0	1007.2	0.12
24-05-2013	Sunspire Dune	36.1	1007.1	0.12
25-05-2013	Sunspire Dune	36.3	1007.1	0.12
26-05-2013	Sunspire Dune	36.4	1007.0	0.12
27-05-2013	Sunspire Dune	36.6	1007.0	0.12
28-05-2013	Sunspire Dune	36.7	1006.9	0.12
29-05-2013	Sunspire Dune	36.8	1006.9	0.12
30-05-2013	Sunspire Dune	37.0	1006.8	0.12
31-05-2013	Sunspire Dune	37.1	1006.8	0.12
01-06-2013	Sunspire Dune	37.2	1006.8	0.12
02-06-2013	Sunspire Dune	37.4	1006.7	0.11
03-06-2013	Sunspire Dune	37.5	1006.7	0.11
04-06-2013	Sunspire Dune	37.6	1006.6	0.11
05-06-2013	Sunspire Dune	37.7	1006.6	0.11
06-06-2013	Sunspire Dune	37.9	1006.6	0.11
07-06-2013	Sunspire Dune	38.0	1006.5	0.1
08-06-2013	Sunspire Dune	38.1	1006.5	0.1
09-06-2013	Sunspire Dune	38.2	1006.4	0.1
10-06-2013	Sunspire Dune	38.3	1006.4	0.09
11-06-2013	Sunspire Dune	38.4	1006.4	0.09
12-06-2013	Sunspire Dune	38.5	1006.3	0.09
13-06-2013	Sunspire Dune	38.6	1006.3	0.09
14-06-2013	Sunspire Dune	38.7	1006.3	0.08
15-06-2013	Sunspire Dune	38.8	1006.2	0.08
16-06-2013	Sunspire Dune	38.9	1006.2	0.08
17-06-2013	Sunspire Dune	38.9	1006.2	0.09
18-06-2013	Sunspire Dune	39.0	1006.2	0.09
19-06-2013	Sunspire Dune	39.1	1006.1	0.09
20-06-2013	Sunspire Dune	39.1	1006.1	0.1
21-06-2013	Sunspire Dune	39.2	1006.1	0.1
22-06-2013	Sunspire Dune	39.3	1006.1	0.1
23-06-2013	Sunspire Dune	39.3	1006.0	0.1
24-06-2013	Sunspire Dune	39.4	1006.0	0.11
25-06-2013	Sunspire Dune	39.4	1006.0	0.11
26-06-2013	Sunspire Dune	39.5	1006.0	0.11
27-06-2013	Sunspire Dune	39.5	1005.9	0.11
28-06-2013	Sunspire Dune	39.5	1005.9	0.11
29-06-2013	Sunspire Dune	39.6	1005.9	0.12
30-06-2013	Sunspire Dune	39.6	1005.9	0.12
01-07-2013	Sunspire Dune	39.6	1005.9	0.67
02-07-2013	Sunspire Dune	39.6	1005.9	0.64
03-07-2013	Sunspire Dune	39.6	1005.8	0.6
04-07-2013	Sunspire Dune	39.6	1005.8	0.56
05-07-2013	Sunspire Dune	39.7	1005.8	0.52
06-07-2013	Sunspire Dune	39.7	1005.8	0.48
07-07-2013	Sunspire Dune	39.7	1005.8	0.45
08-07-2013	Sunspire Dune	39.6	1005.8	0.42
09-07-2013	Sunspire Dune	39.6	1005.8	0.4
10-07-2013	Sunspire Dune	39.6	1005.8	0.38
11-07-2013	Sunspire Dune	39.6	1005.8	0.37
12-07-2013	Sunspire Dune	39.6	1005.7	0.37
13-07-2013	Sunspire Dune	39.5	1005.7	0.37
14-07-2013	Sunspire Dune	39.5	1005.7	0.38
15-07-2013	Sunspire Dune	39.5	1005.7	0.4
16-07-2013	Sunspire Dune	39.5	1005.7	0.43
17-07-2013	Sunspire Dune	39.4	1005.7	0.46
18-07-2013	Sunspire Dune	39.4	1005.7	0.49
19-07-2013	Sunspire Dune	39.3	1005.7	0.53
20-07-2013	Sunspire Dune	39.3	1005.7	0.57
21-07-2013	Sunspire Dune	39.2	1005.7	0.6
22-07-2013	Sunspire Dune	39.2	1005.7	0.64
23-07-2013	Sunspire Dune	39.1	1005.7	0.67
24-07-2013	Sunspire Dune	39.0	1005.7	0.69
25-07-2013	Sunspire Dune	39.0	1005.8	0.71
26-07-2013	Sunspire Dune	38.9	1005.8	0.72
27-07-2013	Sunspire Dune	38.9	1005.8	0.73
28-07-2013	Sunspire Dune	38.8	1005.8	0.74
29-07-2013	Sunspire Dune	38.7	1005.8	0.73
30-07-2013	Sunspire Dune	38.6	1005.8	0.72
31-07-2013	Sunspire Dune	38.6	1005.8	0.69
01-08-2013	Sunspire Dune	38.5	1005.8	0.67
02-08-2013	Sunspire Dune	38.4	1005.8	0.64
03-08-2013	Sunspire Dune	38.3	1005.8	0.6
04-08-2013	Sunspire Dune	38.2	1005.9	0.56
05-08-2013	Sunspire Dune	38.1	1005.9	0.53
06-08-2013	Sunspire Dune	38.0	1005.9	0.49
07-08-2013	Sunspire Dune	38.0	1005.9	0.46
08-08-2013	Sunspire Dune	37.9	1005.9	0.43
09-08-2013	Sunspire Dune	37.8	1005.9	0.4
10-08-2013	Sunspire Dune	37.7	1006.0	0.38
11-08-2013	Sunspire Dune	37.6	1006.0	0.37
12-08-2013	Sunspire Dune	37.5	1006.0	0.37
13-08-2013	Sunspire Dune	37.4	1006.0	0.37
14-08-2013	Sunspire Dune	37.3	1006.0	0.38
15-08-2013	Sunspire Dune	37.2	1006.1	0.4
16-08-2013	Sunspire Dune	37.0	1006.1	0.43
17-08-2013	Sunspire Dune	36.9	1006.1	0.46
18-08-2013	Sunspire Dune	36.8	1006.1	0.49
19-08-2013	Sunspire Dune	36.7	1006.1	0.53
20-08-2013	Sunspire Dune	36.6	1006.2	0.57
21-08-2013	Sunspire Dune	36.5	1006.2	0.61
22-08-2013	Sunspire Dune	36.4	1006.2	0.65
23-08-2013	Sunspire Dune	36.2	1006.2	0.68
24-08-2013	Sunspire Dune	36.1	1006.3	0.71
25-08-2013	Sunspire Dune	36.0	1006.3	0.73
26-08-2013	Sunspire Dune	35.9	1006.3	0.74
27-08-2013	Sunspire Dune	35.8	1006.3	0.75
28-08-2013	Sunspire Dune	35.6	1006.4	0.75
29-08-2013	Sunspire Dune	35.5	1006.4	0.74
30-08-2013	Sunspire Dune	35.4	1006.4	0.73
31-08-2013	Sunspire Dune	35.2	1006.5	0.7
01-09-2013	Sunspire Dune	35.1	1006.5	0.67
02-09-2013	Sunspire Dune	35.0	1006.5	0.64
03-09-2013	Sunspire Dune	34.8	1006.5	0.6
04-09-2013	Sunspire Dune	34.7	1006.6	0.56
05-09-2013	Sunspire Dune	34.5	1006.6	0.52
06-09-2013	Sunspire Dune	34.4	1006.6	0.48
07-09-2013	Sunspire Dune	34.2	1006.7	0.45
08-09-2013	Sunspire Dune	34.1	1006.7	0.41
09-09-2013	Sunspire Dune	33.9	1006.7	0.39
10-09-2013	Sunspire Dune	33.8	1006.8	0.37
11-09-2013	Sunspire Dune	33.6	1006.8	0.36
12-09-2013	Sunspire Dune	33.5	1006.8	0.35
13-09-2013	Sunspire Dune	33.3	1006.8	0.36
14-09-2013	Sunspire Dune	33.2	1006.9	0.37
15-09-2013	Sunspire Dune	33.0	1006.9	0.38
16-09-2013	Sunspire Dune	32.8	1006.9	0.41
17-09-2013	Sunspire Dune	32.7	1007.0	0.44
18-09-2013	Sunspire Dune	32.5	1007.0	0.47
19-09-2013	Sunspire Dune	32.3	1007.0	0.51
20-09-2013	Sunspire Dune	32.1	1007.1	0.55
21-09-2013	Sunspire Dune	32.0	1007.1	0.6
22-09-2013	Sunspire Dune	31.8	1007.1	0.63
23-09-2013	Sunspire Dune	31.6	1007.2	0.67
24-09-2013	Sunspire Dune	31.4	1007.2	0.7
25-09-2013	Sunspire Dune	31.2	1007.2	0.73
26-09-2013	Sunspire Dune	31.0	1007.3	0.75
27-09-2013	Sunspire Dune	30.8	1007.3	0.76
28-09-2013	Sunspire Dune	30.6	1007.3	0.77
29-09-2013	Sunspire Dune	30.4	1007.3	0.77
30-09-2013	Sunspire Dune	30.3	1007.4	0.75
01-10-2013	Sunspire Dune	30.1	1007.4	0.12
02-10-2013	Sunspire Dune	29.9	1007.4	0.11
03-10-2013	Sunspire Dune	29.6	1007.5	0.11
04-10-2013	Sunspire Dune	29.4	1007.5	0.11
05-10-2013	Sunspire Dune	29.2	1007.5	0.11
06-10-2013	Sunspire Dune	29.0	1007.6	0.11
07-10-2013	Sunspire Dune	28.8	1007.6	0.1
08-10-2013	Sunspire Dune	28.6	1007.6	0.1
09-10-2013	Sunspire Dune	28.4	1007.7	0.1
10-10-2013	Sunspire Dune	28.2	1007.7	0.1
11-10-2013	Sunspire Dune	28.0	1007.7	0.09
12-10-2013	Sunspire Dune	27.8	1007.8	0.09
13-10-2013	Sunspire Dune	27.6	1007.8	0.09
14-10-2013	Sunspire Dune	27.3	1007.8	0.08
15-10-2013	Sunspire Dune	27.1	1007.8	0.08
16-10-2013	Sunspire Dune	26.9	1007.9	0.08
17-10-2013	Sunspire Dune	26.7	1007.9	0.08
18-10-2013	Sunspire Dune	26.5	1007.9	0.09
19-10-2013	Sunspire Dune	26.3	1008.0	0.09
20-10-2013	Sunspire Dune	26.1	1008.0	0.09
21-10-2013	Sunspire Dune	25.9	1008.0	0.1
22-10-2013	Sunspire Dune	25.6	1008.0	0.1
23-10-2013	Sunspire Dune	25.4	1008.1	0.1
24-10-2013	Sunspire Dune	25.2	1008.1	0.1
25-10-2013	Sunspire Dune	25.0	1008.1	0.11
26-10-2013	Sunspire Dune	24.8	1008.2	0.11
27-10-2013	Sunspire Dune	24.6	1008.2	0.11
28-10-2013	Sunspire Dune	24.4	1008.2	0.11
29-10-2013	Sunspire Dune	24.2	1008.2	0.11
30-10-2013	Sunspire Dune	24.0	1008.3	0.12
31-10-2013	Sunspire Dune	23.8	1008.3	0.12
01-11-2013	Sunspire Dune	23.6	1008.3	0.12
02-11-2013	Sunspire Dune	23.4	1008.4	0.12
03-11-2013	Sunspire Dune	23.3	1008.4	0.12
04-11-2013	Sunspire Dune	23.1	1008.4	0.12
05-11-2013	Sunspire Dune	22.9	1008.4	0.12
06-11-2013	Sunspire Dune	22.7	1008.5	0.12
07-11-2013	Sunspire Dune	22.5	1008.5	0.12
08-11-2013	Sunspire Dune	22.4	1008.5	0.12
09-11-2013	Sunspire Dune	22.2	1008.5	0.12
10-11-2013	Sunspire Dune	22.0	1008.6	0.12
11-11-2013	Sunspire Dune	21.9	1008.6	0.12
12-11-2013	Sunspire Dune	21.7	1008.6	0.11
13-11-2013	Sunspire Dune	21.6	1008.7	0.11
14-11-2013	Sunspire Dune	21.4	1008.7	0.11
15-11-2013	Sunspire Dune	21.3	1008.7	0.11
16-11-2013	Sunspire Dune	21.2	1008.7	0.11
17-11-2013	Sunspire Dune	21.0	1008.8	0.1
18-11-2013	Sunspire Dune	20.9	1008.8	0.1
19-11-2013	Sunspire Dune	20.8	1008.8	0.1
20-11-2013	Sunspire Dune	20.7	1008.8	0.1
21-11-2013	Sunspire Dune	20.5	1008.9	0.09
22-11-2013	Sunspire Dune	20.4	1008.9	0.09
23-11-2013	Sunspire Dune	20.3	1008.9	0.09
24-11-2013	Sunspire Dune	20.2	1008.9	0.08
25-11-2013	Sunspire Dune	20.2	1009.0	0.08
26-11-2013	Sunspire Dune	20.1	1009.0	0.08
27-11-2013	Sunspire Dune	20.0	1009.0	0.09
28-11-2013	Sunspire Dune	19.9	1009.0	0.09
29-11-2013	Sunspire Dune	19.8	1009.1	0.09
30-11-2013	Sunspire Dune	19.8	1009.1	0.09
01-12-2013	Sunspire Dune	19.7	1009.1	0.1
02-12-2013	Sunspire Dune	19.7	1009.1	0.1
03-12-2013	Sunspire Dune	19.6	1009.1	0.1
04-12-2013	Sunspire Dune	19.6	1009.2	0.1
05-12-2013	Sunspire Dune	19.5	1009.2	0.11
06-12-2013	Sunspire Dune	19.5	1009.2	0.11
07-12-2013	Sunspire Dune	19.5	1009.2	0.11
08-12-2013	Sunspire Dune	19.4	1009.3	0.11
09-12-2013	Sunspire Dune	19.4	1009.3	0.11
10-12-2013	Sunspire Dune	19.4	1009.3	0.12
11-12-2013	Sunspire Dune	19.4	1009.3	0.12
12-12-2013	Sunspire Dune	19.4	1009.4	0.12
13-12-2013	Sunspire Dune	19.4	1009.4	0.12
14-12-2013	Sunspire Dune	19.4	1009.4	0.12
15-12-2013	Sunspire Dune	19.4	1009.4	0.12
16-12-2013	Sunspire Dune	19.4	1009.4	0.12
17-12-2013	Sunspire Dune	19.4	1009.5	0.12
18-12-2013	Sunspire Dune	19.4	1009.5	0.12
19-12-2013	Sunspire Dune	19.4	1009.5	0.12
20-12-2013	Sunspire Dune	19.5	1009.5	0.12
21-12-2013	Sunspire Dune	19.5	1009.6	0.12
22-12-2013	Sunspire Dune	19.5	1009.6	0.12
23-12-2013	Sunspire Dune	19.6	1009.6	0.11
24-12-2013	Sunspire Dune	19.6	1009.6	0.11
25-12-2013	Sunspire Dune	19.6	1009.6	0.11
26-12-2013	Sunspire Dune	19.7	1009.7	0.11
27-12-2013	Sunspire Dune	19.7	1009.7	0.11
28-12-2013	Sunspire Dune	19.8	1009.7	0.1
29-12-2013	Sunspire Dune	19.8	1009.7	0.1
30-12-2013	Sunspire Dune	19.9	1009.7	0.1
31-12-2013	Sunspire Dune	19.9	1009.8	0.1
01-01-2014	Sunspire Dune	20.0	1009.8	0.09
02-01-2014	Sunspire Dune	20.1	1009.8	0.09
03-01-2014	Sunspire Dune	20.2	1009.8	0.09
04-01-2014	Sunspire Dune	20.2	1009.9	0.08
05-01-2014	Sunspire Dune	20.3	1009.9	0.08
06-01-2014	Sunspire Dune	20.3	1009.9	0.08
07-01-2014	Sunspire Dune	20.4	1009.9	0.09
08-01-2014	Sunspire Dune	20.5	1009.9	0.09
09-01-2014	Sunspire Dune	20.6	1009.9	0.09
10-01-2014	Sunspire Dune	20.6	1010.0	0.09
11-01-2014	Sunspire Dune	20.7	1010.0	0.1
12-01-2014	Sunspire Dune	20.8	1010.0	0.1
13-01-2014	Sunspire Dune	20.8	1010.0	0.1
14-01-2014	Sunspire Dune	20.9	1010.0	0.11
15-01-2014	Sunspire Dune	21.0	1010.1	0.11
16-01-2014	Sunspire Dune	21.1	1010.1	0.11
17-01-2014	Sunspire Dune	21.1	1010.1	0.11
18-01-2014	Sunspire Dune	21.2	1010.1	0.11
19-01-2014	Sunspire Dune	21.3	1010.1	0.12
20-01-2014	Sunspire Dune	21.4	1010.1	0.12
21-01-2014	Sunspire Dune	21.4	1010.1	0.12
22-01-2014	Sunspire Dune	21.5	1010.2	0.12
23-01-2014	Sunspire Dune	21.6	1010.2	0.12
24-01-2014	Sunspire Dune	21.7	1010.2	0.12
25-01-2014	Sunspire Dune	21.7	1010.2	0.12
26-01-2014	Sunspire Dune	21.8	1010.2	0.12
27-01-2014	Sunspire Dune	21.9	1010.2	0.12
28-01-2014	Sunspire Dune	22.0	1010.2	0.12
29-01-2014	Sunspire Dune	22.1	1010.3	0.12
30-01-2014	Sunspire Dune	22.1	1010.3	0.12
31-01-2014	Sunspire Dune	22.2	1010.3	0.12
01-02-2014	Sunspire Dune	22.3	1010.3	0.12
02-02-2014	Sunspire Dune	22.4	1010.3	0.11
03-02-2014	Sunspire Dune	22.4	1010.3	0.11
04-02-2014	Sunspire Dune	22.5	1010.3	0.11
05-02-2014	Sunspire Dune	22.6	1010.3	0.11
06-02-2014	Sunspire Dune	22.7	1010.3	0.11
07-02-2014	Sunspire Dune	22.8	1010.3	0.1
08-02-2014	Sunspire Dune	22.8	1010.4	0.1
09-02-2014	Sunspire Dune	22.9	1010.4	0.1
10-02-2014	Sunspire Dune	23.0	1010.4	0.09
11-02-2014	Sunspire Dune	23.1	1010.4	0.09
12-02-2014	Sunspire Dune	23.2	1010.4	0.09
13-02-2014	Sunspire Dune	23.3	1010.4	0.09
14-02-2014	Sunspire Dune	23.3	1010.4	0.08
15-02-2014	Sunspire Dune	23.4	1010.4	0.08
16-02-2014	Sunspire Dune	23.5	1010.4	0.08
17-02-2014	Sunspire Dune	23.6	1010.4	0.09
18-02-2014	Sunspire Dune	23.7	1010.4	0.09
19-02-2014	Sunspire Dune	23.8	1010.4	0.09
20-02-2014	Sunspire Dune	23.9	1010.4	0.1
21-02-2014	Sunspire Dune	24.0	1010.4	0.1
22-02-2014	Sunspire Dune	24.1	1010.4	0.1
23-02-2014	Sunspire Dune	24.2	1010.4	0.1
24-02-2014	Sunspire Dune	24.3	1010.4	0.11
25-02-2014	Sunspire Dune	24.4	1010.4	0.11
26-02-2014	Sunspire Dune	24.5	1010.4	0.11
27-02-2014	Sunspire Dune	24.6	1010.4	0.11
28-02-2014	Sunspire Dune	24.7	1010.4	0.11
01-03-2014	Sunspire Dune	24.8	1010.4	0.12
02-03-2014	Sunspire Dune	24.9	1010.4	0.12
03-03-2014	Sunspire Dune	25.0	1010.4	0.12
04-03-2014	Sunspire Dune	25.1	1010.3	0.12
05-03-2014	Sunspire Dune	25.2	1010.3	0.12
06-03-2014	Sunspire Dune	25.3	1010.3	0.12
07-03-2014	Sunspire Dune	25.5	1010.3	0.12
08-03-2014	Sunspire Dune	25.6	1010.3	0.12
09-03-2014	Sunspire Dune	25.7	1010.3	0.12
10-03-2014	Sunspire Dune	25.8	1010.3	0.12
11-03-2014	Sunspire Dune	25.9	1010.3	0.12
12-03-2014	Sunspire Dune	26.1	1010.2	
13-03-2014	Sunspire Dune	26.2	1010.2	0.12
14-03-2014	Sunspire Dune	26.3	1010.2	0.11
15-03-2014	Sunspire Dune	26.5	1010.2	0.11
16-03-2014	Sunspire Dune	26.6	1010.2	0.11
17-03-2014	Sunspire Dune	26.7	1010.2	0.11
18-03-2014	Sunspire Dune	26.9	1010.1	0.11
19-03-2014	Sunspire Dune	27.0	1010.1	0.11
20-03-2014	Sunspire Dune	27.2	1010.1	0.1
21-03-2014	Sunspire Dune	27.3	1010.1	0.1
22-03-2014	Sunspire Dune	27.5	1010.1	0.1
23-03-2014	Sunspire Dune	27.6	1010.0	0.09
24-03-2014	Sunspire Dune	27.8	1010.0	0.09
25-03-2014	Sunspire Dune	27.9	1010.0	0.09
26-03-2014	Sunspire Dune	28.1	1010.0	0.09
27-03-2014	Sunspire Dune	28.2	1009.9	0.08
28-03-2014	Sunspire Dune	28.4	1009.9	0.08
29-03-2014	Sunspire Dune	28.5	1009.9	0.08
30-03-2014	Sunspire Dune	28.7	1009.8	0.09
31-03-2014	Sunspire Dune	28.9	1009.8	0.09
01-04-2014	Sunspire Dune	29.0	1009.8	0.09
02-04-2014	Sunspire Dune	29.2	1009.8	0.1
03-04-2014	Sunspire Dune	29.4	1009.7	0.1
04-04-2014	Sunspire Dune	29.5	1009.7	0.1
05-04-2014	Sunspire Dune	29.7	1009.7	0.1
06-04-2014	Sunspire Dune	29.8	1009.6	0.11
07-04-2014	Sunspire Dune	30.0	1009.6	0.11
08-04-2014	Sunspire Dune	30.2	1009.5	0.11
09-04-2014	Sunspire Dune	30.3	1009.5	0.11
10-04-2014	Sunspire Dune	30.5	1009.5	0.11
11-04-2014	Sunspire Dune	30.7	1009.4	0.12
12-04-2014	Sunspire Dune	30.8	1009.4	0.12
13-04-2014	Sunspire Dune	31.0	1009.4	0.12
14-04-2014	Sunspire Dune	31.1	1009.3	0.12
15-04-2014	Sunspire Dune	31.3	1009.3	0.12
16-04-2014	Sunspire Dune	31.5	1009.2	0.12
17-04-2014	Sunspire Dune	31.6	1009.2	0.12
18-04-2014	Sunspire Dune	31.8	1009.2	0.12
19-04-2014	Sunspire Dune	32.0	1009.1	0.12
20-04-2014	Sunspire Dune	32.1	1009.1	0.12
21-04-2014	Sunspire Dune	32.3	1009.0	0.12
22-04-2014	Sunspire Dune	32.4	1009.0	0.12
23-04-2014	Sunspire Dune	32.6	1008.9	0.12
24-04-2014	Sunspire Dune	32.7	1008.9	0.11
25-04-2014	Sunspire Dune	32.9	1008.8	0.11
26-04-2014	Sunspire Dune	33.0	1008.8	0.11
27-04-2014	Sunspire Dune	33.2	1008.8	0.11
28-04-2014	Sunspire Dune	33.3	1008.7	0.11
29-04-2014	Sunspire Dune	33.5	1008.7	0.1
30-04-2014	Sunspire Dune	33.6	1008.6	0.1
01-05-2014	Sunspire Dune	33.7	1008.6	0.1
02-05-2014	Sunspire Dune	33.9	1008.5	0.1
03-05-2014	Sunspire Dune	34.0	1008.5	0.09
04-05-2014	Sunspire Dune	34.1	1008.4	0.09
05-05-2014	Sunspire Dune	34.3	1008.4	0.09
06-05-2014	Sunspire Dune	34.4	1008.3	0.09
07-05-2014	Sunspire Dune	34.5	1008.3	0.08
08-05-2014	Sunspire Dune	34.6	1008.2	0.08
09-05-2014	Sunspire Dune	34.8	1008.2	0.08
10-05-2014	Sunspire Dune	34.9	1008.1	0.09
11-05-2014	Sunspire Dune	35.0	1008.1	0.09
12-05-2014	Sunspire Dune	35.1	1008.0	0.09
13-05-2014	Sunspire Dune	35.2	1008.0	0.1
14-05-2014	Sunspire Dune	35.3	1007.9	0.1
15-05-2014	Sunspire Dune	35.5	1007.9	0.1
16-05-2014	Sunspire Dune	35.6	1007.8	0.1
17-05-2014	Sunspire Dune	35.7	1007.8	0.11
18-05-2014	Sunspire Dune	35.8	1007.7	0.11
19-05-2014	Sunspire Dune	35.9	1007.7	0.11
20-05-2014	Sunspire Dune	36.0	1007.6	0.11
21-05-2014	Sunspire Dune	36.1	1007.6	0.11
22-05-2014	Sunspire Dune	36.2	1007.5	0.12
23-05-2014	Sunspire Dune	36.2	1007.5	0.12
24-05-2014	Sunspire Dune	36.3	1007.4	0.12
25-05-2014	Sunspire Dune	36.4	1007.4	0.12
26-05-2014	Sunspire Dune	36.5	1007.3	0.12
27-05-2014	Sunspire Dune	36.6	1007.3	0.12
28-05-2014	Sunspire Dune	36.7	1007.2	0.12
29-05-2014	Sunspire Dune	36.8	1007.2	0.12
30-05-2014	Sunspire Dune	36.8	1007.1	0.12
31-05-2014	Sunspire Dune	36.9	1007.1	0.12
01-06-2014	Sunspire Dune	37.0	1007.0	0.12
02-06-2014	Sunspire Dune	37.1	1007.0	0.12
03-06-2014	Sunspire Dune	37.1	1006.9	0.12
04-06-2014	Sunspire Dune	37.2	1006.9	0.11
05-06-2014	Sunspire Dune	37.3	1006.8	0.11
06-06-2014	Sunspire Dune	37.4	1006.8	0.11
07-06-2014	Sunspire Dune	37.4	1006.7	0.11
08-06-2014	Sunspire Dune	37.5	1006.7	0.11
09-06-2014	Sunspire Dune	37.6	1006.7	0.1
10-06-2014	Sunspire Dune	37.6	1006.6	0.1
11-06-2014	Sunspire Dune	37.7	1006.6	0.1
12-06-2014	Sunspire Dune	37.8	1006.5	0.1
13-06-2014	Sunspire Dune	37.8	1006.5	0.09
14-06-2014	Sunspire Dune	37.9	1006.4	0.09
15-06-2014	Sunspire Dune	38.0	1006.4	0.09
16-06-2014	Sunspire Dune	38.0	1006.4	0.08
17-06-2014	Sunspire Dune	38.1	1006.3	0.08
18-06-2014	Sunspire Dune	38.1	1006.3	0.08
19-06-2014	Sunspire Dune	38.2	1006.3	0.08
20-06-2014	Sunspire Dune	38.3	1006.2	0.09
21-06-2014	Sunspire Dune	38.3	1006.2	0.09
22-06-2014	Sunspire Dune	38.4	1006.1	0.09
23-06-2014	Sunspire Dune	38.4	1006.1	0.1
24-06-2014	Sunspire Dune	38.5	1006.1	0.1
25-06-2014	Sunspire Dune	38.5	1006.0	0.1
26-06-2014	Sunspire Dune	38.6	1006.0	0.1
27-06-2014	Sunspire Dune	38.6	1006.0	0.11
28-06-2014	Sunspire Dune	38.7	1006.0	0.11
29-06-2014	Sunspire Dune	38.7	1005.9	0.11
30-06-2014	Sunspire Dune	38.8	1005.9	0.11
01-07-2014	Sunspire Dune	38.8	1005.9	0.6
02-07-2014	Sunspire Dune	38.9	1005.9	0.64
03-07-2014	Sunspire Dune	38.9	1005.8	0.68
04-07-2014	Sunspire Dune	39.0	1005.8	0.71
05-07-2014	Sunspire Dune	39.0	1005.8	0.74
06-07-2014	Sunspire Dune	39.0	1005.8	0.76
07-07-2014	Sunspire Dune	39.1	1005.7	0.77
08-07-2014	Sunspire Dune	39.1	1005.7	0.77
09-07-2014	Sunspire Dune	39.1	1005.7	0.77
10-07-2014	Sunspire Dune	39.2	1005.7	0.75
11-07-2014	Sunspire Dune	39.2	1005.7	0.73
12-07-2014	Sunspire Dune	39.2	1005.7	0.7
13-07-2014	Sunspire Dune	39.3	1005.6	0.67
14-07-2014	Sunspire Dune	39.3	1005.6	0.64
15-07-2014	Sunspire Dune	39.3	1005.6	0.59
16-07-2014	Sunspire Dune	39.3	1005.6	0.55
17-07-2014	Sunspire Dune	39.3	1005.6	0.51
18-07-2014	Sunspire Dune	39.4	1005.6	0.47
19-07-2014	Sunspire Dune	39.4	1005.6	0.44
20-07-2014	Sunspire Dune	39.4	1005.6	0.4
21-07-2014	Sunspire Dune	39.4	1005.6	0.38
22-07-2014	Sunspire Dune	39.4	1005.6	0.36
23-07-2014	Sunspire Dune	39.4	1005.6	0.35
24-07-2014	Sunspire Dune	39.4	1005.5	0.34
25-07-2014	Sunspire Dune	39.4	1005.5	0.35
26-07-2014	Sunspire Dune	39.3	1005.5	0.36
27-07-2014	Sunspire Dune	39.3	1005.5	0.38
28-07-2014	Sunspire Dune	39.3	1005.5	0.4
29-07-2014	Sunspire Dune	39.3	1005.6	0.44
30-07-2014	Sunspire Dune	39.3	1005.6	0.48
31-07-2014	Sunspire Dune	39.2	1005.6	0.52
01-08-2014	Sunspire Dune	39.2	1005.6	0.56
02-08-2014	Sunspire Dune	39.1	1005.6	0.6
03-08-2014	Sunspire Dune	39.1	1005.6	0.64
04-08-2014	Sunspire Dune	39.0	1005.6	0.68
05-08-2014	Sunspire Dune	39.0	1005.6	0.71
06-08-2014	Sunspire Dune	38.9	1005.6	0.73
07-08-2014	Sunspire Dune	38.9	1005.6	0.75
08-08-2014	Sunspire Dune	38.8	1005.6	0.76
09-08-2014	Sunspire Dune	38.7	1005.6	0.76
10-08-2014	Sunspire Dune	38.6	1005.7	0.75
11-08-2014	Sunspire Dune	38.5	1005.7	0.74
12-08-2014	Sunspire Dune	38.5	1005.7	0.71
13-08-2014	Sunspire Dune	38.4	1005.7	0.69
14-08-2014	Sunspire Dune	38.3	1005.7	0.65
15-08-2014	Sunspire Dune	38.2	1005.7	0.62
16-08-2014	Sunspire Dune	38.0	1005.8	0.58
17-08-2014	Sunspire Dune	37.9	1005.8	0.54
18-08-2014	Sunspire Dune	37.8	1005.8	0.5
19-08-2014	Sunspire Dune	37.7	1005.8	0.46
20-08-2014	Sunspire Dune	37.6	1005.9	0.43
21-08-2014	Sunspire Dune	37.4	1005.9	0.4
22-08-2014	Sunspire Dune	37.3	1005.9	0.38
23-08-2014	Sunspire Dune	37.1	1005.9	0.37
24-08-2014	Sunspire Dune	37.0	1006.0	0.37
25-08-2014	Sunspire Dune	36.8	1006.0	0.37
26-08-2014	Sunspire Dune	36.7	1006.0	0.38
27-08-2014	Sunspire Dune	36.5	1006.0	0.39
28-08-2014	Sunspire Dune	36.4	1006.1	0.42
29-08-2014	Sunspire Dune	36.2	1006.1	0.45
30-08-2014	Sunspire Dune	36.0	1006.1	0.48
31-08-2014	Sunspire Dune	35.8	1006.2	0.52
01-09-2014	Sunspire Dune	35.6	1006.2	0.55
02-09-2014	Sunspire Dune	35.5	1006.2	0.59
03-09-2014	Sunspire Dune	35.3	1006.3	0.62
04-09-2014	Sunspire Dune	35.1	1006.3	0.66
05-09-2014	Sunspire Dune	34.9	1006.3	0.68
06-09-2014	Sunspire Dune	34.7	1006.4	0.7
07-09-2014	Sunspire Dune	34.5	1006.4	0.72
08-09-2014	Sunspire Dune	34.3	1006.4	0.73
09-09-2014	Sunspire Dune	34.1	1006.5	0.74
10-09-2014	Sunspire Dune	33.9	1006.5	0.73
11-09-2014	Sunspire Dune	33.6	1006.5	0.72
12-09-2014	Sunspire Dune	33.4	1006.6	0.7
13-09-2014	Sunspire Dune	33.2	1006.6	0.68
14-09-2014	Sunspire Dune	33.0	1006.7	0.65
15-09-2014	Sunspire Dune	32.8	1006.7	0.62
16-09-2014	Sunspire Dune	32.5	1006.7	0.58
17-09-2014	Sunspire Dune	32.3	1006.8	0.54
18-09-2014	Sunspire Dune	32.1	1006.8	0.5
19-09-2014	Sunspire Dune	31.9	1006.9	0.47
20-09-2014	Sunspire Dune	31.6	1006.9	0.44
21-09-2014	Sunspire Dune	31.4	1006.9	0.41
22-09-2014	Sunspire Dune	31.2	1007.0	0.39
23-09-2014	Sunspire Dune	31.0	1007.0	0.38
24-09-2014	Sunspire Dune	30.7	1007.1	0.37
25-09-2014	Sunspire Dune	30.5	1007.1	0.37
26-09-2014	Sunspire Dune	30.3	1007.1	0.38
27-09-2014	Sunspire Dune	30.1	1007.2	0.4
28-09-2014	Sunspire Dune	29.8	1007.2	0.42
29-09-2014	Sunspire Dune	29.6	1007.3	0.45
30-09-2014	Sunspire Dune	29.4	1007.3	0.48
01-10-2014	Sunspire Dune	29.2	1007.3	0.12
02-10-2014	Sunspire Dune	29.0	1007.4	0.12
03-10-2014	Sunspire Dune	28.7	1007.4	0.12
04-10-2014	Sunspire Dune	28.5	1007.5	0.12
05-10-2014	Sunspire Dune	28.3	1007.5	0.11
06-10-2014	Sunspire Dune	28.1	1007.6	0.11
07-10-2014	Sunspire Dune	27.9	1007.6	0.11
08-10-2014	Sunspire Dune	27.7	1007.6	0.11
09-10-2014	Sunspire Dune	27.5	1007.7	0.11
10-10-2014	Sunspire Dune	27.3	1007.7	0.1
11-10-2014	Sunspire Dune	27.1	1007.8	0.1
12-10-2014	Sunspire Dune	26.9	1007.8	0.1
13-10-2014	Sunspire Dune	26.7	1007.8	0.1
14-10-2014	Sunspire Dune	26.5	1007.9	0.09
15-10-2014	Sunspire Dune	26.3	1007.9	0.09
16-10-2014	Sunspire Dune	26.1	1008.0	0.09
17-10-2014	Sunspire Dune	25.9	1008.0	0.08
18-10-2014	Sunspire Dune	25.7	1008.0	0.08
19-10-2014	Sunspire Dune	25.6	1008.1	0.08
20-10-2014	Sunspire Dune	25.4	1008.1	0.09
21-10-2014	Sunspire Dune	25.2	1008.2	0.09
22-10-2014	Sunspire Dune	25.0	1008.2	0.09
23-10-2014	Sunspire Dune	24.9	1008.2	0.09
24-10-2014	Sunspire Dune	24.7	1008.3	0.1
25-10-2014	Sunspire Dune	24.6	1008.3	0.1
26-10-2014	Sunspire Dune	24.4	1008.3	0.1
27-10-2014	Sunspire Dune	24.3	1008.4	0.11
28-10-2014	Sunspire Dune	24.1	1008.4	0.11
29-10-2014	Sunspire Dune	24.0	1008.4	0.11
30-10-2014	Sunspire Dune	23.8	1008.5	0.11
31-10-2014	Sunspire Dune	23.7	1008.5	0.11
01-11-2014	Sunspire Dune	23.5	1008.6	0.12
02-11-2014	Sunspire Dune	23.4	1008.6	0.12
03-11-2014	Sunspire Dune	23.3	1008.6	0.12
04-11-2014	Sunspire Dune	23.2	1008.7	0.12
05-11-2014	Sunspire Dune	23.0	1008.7	0.12
06-11-2014	Sunspire Dune	22.9	1008.7	0.12
07-11-2014	Sunspire Dune	22.8	1008.8	0.12
08-11-2014	Sunspire Dune	22.7	1008.8	0.12
09-11-2014	Sunspire Dune	22.6	1008.8	0.12
10-11-2014	Sunspire Dune	22.5	1008.8	0.12
11-11-2014	Sunspire Dune	22.4	1008.9	0.12
12-11-2014	Sunspire Dune	22.3	1008.9	0.12
13-11-2014	Sunspire Dune	22.2	1008.9	0.12
14-11-2014	Sunspire Dune	22.1	1009.0	0.12
15-11-2014	Sunspire Dune	22.0	1009.0	0.11
16-11-2014	Sunspire Dune	21.9	1009.0	0.11
17-11-2014	Sunspire Dune	21.8	1009.1	0.11
18-11-2014	Sunspire Dune	21.7	1009.1	0.11
19-11-2014	Sunspire Dune	21.6	1009.1	0.11
20-11-2014	Sunspire Dune	21.5	1009.1	0.1
21-11-2014	Sunspire Dune	21.4	1009.2	0.1
22-11-2014	Sunspire Dune	21.4	1009.2	0.1
23-11-2014	Sunspire Dune	21.3	1009.2	0.09
24-11-2014	Sunspire Dune	21.2	1009.2	0.09
25-11-2014	Sunspire Dune	21.1	1009.3	0.09
26-11-2014	Sunspire Dune	21.1	1009.3	0.09
27-11-2014	Sunspire Dune	21.0	1009.3	0.08
28-11-2014	Sunspire Dune	20.9	1009.3	0.08
29-11-2014	Sunspire Dune	20.9	1009.4	0.08
30-11-2014	Sunspire Dune	20.8	1009.4	0.09
01-12-2014	Sunspire Dune	20.7	1009.4	0.09
02-12-2014	Sunspire Dune	20.7	1009.4	0.09
03-12-2014	Sunspire Dune	20.6	1009.4	0.1
04-12-2014	Sunspire Dune	20.5	1009.5	0.1
05-12-2014	Sunspire Dune	20.5	1009.5	0.1
06-12-2014	Sunspire Dune	20.4	1009.5	0.1
07-12-2014	Sunspire Dune	20.4	1009.5	0.11
08-12-2014	Sunspire Dune	20.3	1009.5	0.11
09-12-2014	Sunspire Dune	20.3	1009.6	0.11
10-12-2014	Sunspire Dune	20.2	1009.6	0.11
11-12-2014	Sunspire Dune	20.2	1009.6	0.11
12-12-2014	Sunspire Dune	20.2	1009.6	0.12
13-12-2014	Sunspire Dune	20.1	1009.6	0.12
14-12-2014	Sunspire Dune	20.1	1009.7	0.12
15-12-2014	Sunspire Dune	20.0	1009.7	0.12
16-12-2014	Sunspire Dune	20.0	1009.7	0.12
17-12-2014	Sunspire Dune	20.0	1009.7	0.12
18-12-2014	Sunspire Dune	19.9	1009.7	0.12
19-12-2014	Sunspire Dune	19.9	1009.7	0.12
20-12-2014	Sunspire Dune	19.9	1009.7	0.12
21-12-2014	Sunspire Dune	19.9	1009.8	0.12
22-12-2014	Sunspire Dune	19.8	1009.8	0.12
23-12-2014	Sunspire Dune	19.8	1009.8	0.12
24-12-2014	Sunspire Dune	19.8	1009.8	0.12
25-12-2014	Sunspire Dune	19.8	1009.8	0.11
26-12-2014	Sunspire Dune	19.8	1009.8	0.11
27-12-2014	Sunspire Dune	19.8	1009.8	0.11
28-12-2014	Sunspire Dune	19.7	1009.9	0.11
29-12-2014	Sunspire Dune	19.7	1009.9	0.11
30-12-2014	Sunspire Dune	19.7	1009.9	0.1
31-12-2014	Sunspire Dune	19.7	1009.9	0.1
01-01-2015	Sunspire Dune	19.8	1009.9	0.1
02-01-2015	Sunspire Dune	19.8	1009.9	0.1
03-01-2015	Sunspire Dune	19.8	1009.9	0.09
04-01-2015	Sunspire Dune	19.8	1009.9	0.09
05-01-2015	Sunspire Dune	19.8	1009.9	0.09
06-01-2015	Sunspire Dune	19.8	1010.0	0.09
07-01-2015	Sunspire Dune	19.9	1010.0	0.08
08-01-2015	Sunspire Dune	19.9	1010.0	0.08
09-01-2015	Sunspire Dune	19.9	1010.0	0.08
10-01-2015	Sunspire Dune	19.9	1010.0	0.09
11-01-2015	Sunspire Dune	20.0	1010.0	0.09
12-01-2015	Sunspire Dune	20.0	1010.0	0.09
13-01-2015	Sunspire Dune	20.1	1010.0	0.1
14-01-2015	Sunspire Dune	20.1	1010.0	0.1
15-01-2015	Sunspire Dune	20.2	1010.0	0.1
16-01-2015	Sunspire Dune	20.2	1010.0	0.1
17-01-2015	Sunspire Dune	20.3	1010.0	0.11
18-01-2015	Sunspire Dune	20.3	1010.0	0.11
19-01-2015	Sunspire Dune	20.4	1010.1	0.11
20-01-2015	Sunspire Dune	20.5	1010.1	0.11
21-01-2015	Sunspire Dune	20.5	1010.1	0.11
22-01-2015	Sunspire Dune	20.6	1010.1	0.12
23-01-2015	Sunspire Dune	20.7	1010.1	0.12
24-01-2015	Sunspire Dune	20.8	1010.1	0.12
25-01-2015	Sunspire Dune	20.8	1010.1	0.12
26-01-2015	Sunspire Dune	20.9	1010.1	0.12
27-01-2015	Sunspire Dune	21.0	1010.1	0.12
28-01-2015	Sunspire Dune	21.1	1010.1	0.12
29-01-2015	Sunspire Dune	21.2	1010.1	0.12
30-01-2015	Sunspire Dune	21.3	1010.1	0.12
31-01-2015	Sunspire Dune	21.4	1010.1	0.12
01-02-2015	Sunspire Dune	21.5	1010.1	0.12
02-02-2015	Sunspire Dune	21.6	1010.1	0.12
03-02-2015	Sunspire Dune	21.7	1010.1	0.12
04-02-2015	Sunspire Dune	21.9	1010.1	0.11
05-02-2015	Sunspire Dune	22.0	1010.1	0.11
06-02-2015	Sunspire Dune	22.1	1010.1	0.11
07-02-2015	Sunspire Dune	22.2	1010.1	0.11
08-02-2015	Sunspire Dune	22.4	1010.1	0.11
09-02-2015	Sunspire Dune	22.5	1010.1	0.1
10-02-2015	Sunspire Dune	22.6	1010.1	0.1
11-02-2015	Sunspire Dune	22.7	1010.1	0.1
12-02-2015	Sunspire Dune	22.9	1010.1	0.1
13-02-2015	Sunspire Dune	23.0	1010.1	0.09
14-02-2015	Sunspire Dune	23.2	1010.1	0.09
15-02-2015	Sunspire Dune	23.3	1010.1	0.09
16-02-2015	Sunspire Dune	23.4	1010.1	0.08
17-02-2015	Sunspire Dune	23.6	1010.1	0.08
18-02-2015	Sunspire Dune	23.7	1010.1	0.08
19-02-2015	Sunspire Dune	23.9	1010.1	0.08
20-02-2015	Sunspire Dune	24.0	1010.1	0.09
21-02-2015	Sunspire Dune	24.2	1010.1	0.09
22-02-2015	Sunspire Dune	24.3	1010.1	0.09
23-02-2015	Sunspire Dune	24.5	1010.1	0.1
24-02-2015	Sunspire Dune	24.6	1010.1	0.1
25-02-2015	Sunspire Dune	24.8	1010.1	0.1
26-02-2015	Sunspire Dune	24.9	1010.1	0.1
27-02-2015	Sunspire Dune	25.1	1010.1	0.11
28-02-2015	Sunspire Dune	25.2	1010.1	0.11
01-03-2015	Sunspire Dune	25.4	1010.1	0.11
02-03-2015	Sunspire Dune	25.5	1010.0	0.11
03-03-2015	Sunspire Dune	25.7	1010.0	0.11
04-03-2015	Sunspire Dune	25.8	1010.0	0.12
05-03-2015	Sunspire Dune	26.0	1010.0	0.12
06-03-2015	Sunspire Dune	26.1	1010.0	0.12
07-03-2015	Sunspire Dune	26.3	1010.0	0.12
08-03-2015	Sunspire Dune	26.4	1010.0	0.12
09-03-2015	Sunspire Dune	26.6	1010.0	0.12
10-03-2015	Sunspire Dune	26.7	1010.0	0.12
11-03-2015	Sunspire Dune	26.9	1010.0	0.12
12-03-2015	Sunspire Dune	27.0	1010.0	0.12
13-03-2015	Sunspire Dune	27.2	1009.9	0.12
14-03-2015	Sunspire Dune	27.3	1009.9	0.12
15-03-2015	Sunspire Dune	27.5	1009.9	0.12
16-03-2015	Sunspire Dune	27.6	1009.9	0.12
17-03-2015	Sunspire Dune	27.7	1009.9	0.11
18-03-2015	Sunspire Dune	27.9	1009.9	0.11
19-03-2015	Sunspire Dune	28.0	1009.9	0.11
20-03-2015	Sunspire Dune	28.1	1009.8	0.11
21-03-2015	Sunspire Dune	28.3	1009.8	0.11
22-03-2015	Sunspire Dune	28.4	1009.8	0.1
23-03-2015	Sunspire Dune	28.5	1009.8	0.1
24-03-2015	Sunspire Dune	28.7	1009.8	0.1
25-03-2015	Sunspire Dune	28.8	1009.8	0.1
26-03-2015	Sunspire Dune	28.9	1009.7	0.09
27-03-2015	Sunspire Dune	29.0	1009.7	0.09
28-03-2015	Sunspire Dune	29.2	1009.7	0.09
29-03-2015	Sunspire Dune	29.3	1009.7	0.08
30-03-2015	Sunspire Dune	29.4	1009.7	0.08
31-03-2015	Sunspire Dune	29.5	1009.6	0.08
01-04-2015	Sunspire Dune	29.6	1009.6	0.08
02-04-2015	Sunspire Dune	29.8	1009.6	0.09
03-04-2015	Sunspire Dune	29.9	1009.6	0.09
04-04-2015	Sunspire Dune	30.0	1009.5	0.09
05-04-2015	Sunspire Dune	30.1	1009.5	0.1
06-04-2015	Sunspire Dune	30.2	1009.5	0.1
07-04-2015	Sunspire Dune	30.3	1009.5	0.1
08-04-2015	Sunspire Dune	30.4	1009.4	0.1
09-04-2015	Sunspire Dune	30.5	1009.4	0.11
10-04-2015	Sunspire Dune	30.6	1009.4	0.11
11-04-2015	Sunspire Dune	30.8	1009.3	0.11
12-04-2015	Sunspire Dune	30.9	1009.3	0.11
13-04-2015	Sunspire Dune	31.0	1009.3	0.11
14-04-2015	Sunspire Dune	31.1	1009.3	0.12
15-04-2015	Sunspire Dune	31.2	1009.2	0.12
16-04-2015	Sunspire Dune	31.3	1009.2	0.12
17-04-2015	Sunspire Dune	31.4	1009.2	0.12
18-04-2015	Sunspire Dune	31.5	1009.1	0.12
19-04-2015	Sunspire Dune	31.6	1009.1	0.12
20-04-2015	Sunspire Dune	31.7	1009.1	0.12
21-04-2015	Sunspire Dune	31.8	1009.0	0.12
22-04-2015	Sunspire Dune	31.9	1009.0	0.12
23-04-2015	Sunspire Dune	32.0	1009.0	0.12
24-04-2015	Sunspire Dune	32.1	1008.9	0.12
25-04-2015	Sunspire Dune	32.2	1008.9	0.12
26-04-2015	Sunspire Dune	32.3	1008.9	0.12
27-04-2015	Sunspire Dune	32.5	1008.8	0.11
28-04-2015	Sunspire Dune	32.6	1008.8	0.11
29-04-2015	Sunspire Dune	32.7	1008.7	0.11
30-04-2015	Sunspire Dune	32.8	1008.7	0.11
01-05-2015	Sunspire Dune	32.9	1008.7	0.11
02-05-2015	Sunspire Dune	33.0	1008.6	0.1
03-05-2015	Sunspire Dune	33.1	1008.6	0.1
04-05-2015	Sunspire Dune	33.2	1008.5	0.1
05-05-2015	Sunspire Dune	33.4	1008.5	0.1
06-05-2015	Sunspire Dune	33.5	1008.5	0.09
07-05-2015	Sunspire Dune	33.6	1008.4	0.09
08-05-2015	Sunspire Dune	33.7	1008.4	0.09
09-05-2015	Sunspire Dune	33.8	1008.3	0.08
10-05-2015	Sunspire Dune	34.0	1008.3	0.08
11-05-2015	Sunspire Dune	34.1	1008.3	0.08
12-05-2015	Sunspire Dune	34.2	1008.2	0.09
13-05-2015	Sunspire Dune	34.3	1008.2	0.09
14-05-2015	Sunspire Dune	34.5	1008.1	0.09
15-05-2015	Sunspire Dune	34.6	1008.1	0.09
16-05-2015	Sunspire Dune	34.7	1008.0	0.1
17-05-2015	Sunspire Dune	34.8	1008.0	0.1
18-05-2015	Sunspire Dune	35.0	1008.0	0.1
19-05-2015	Sunspire Dune	35.1	1007.9	0.11
20-05-2015	Sunspire Dune	35.2	1007.9	0.11
21-05-2015	Sunspire Dune	35.4	1007.8	0.11
22-05-2015	Sunspire Dune	35.5	1007.8	0.11
23-05-2015	Sunspire Dune	35.6	1007.7	0.11
24-05-2015	Sunspire Dune	35.8	1007.7	0.11
25-05-2015	Sunspire Dune	35.9	1007.6	0.12
26-05-2015	Sunspire Dune	36.0	1007.6	0.12
27-05-2015	Sunspire Dune	36.2	1007.5	0.12
28-05-2015	Sunspire Dune	36.3	1007.5	0.12
29-05-2015	Sunspire Dune	36.4	1007.5	0.12
30-05-2015	Sunspire Dune	36.6	1007.4	0.12
31-05-2015	Sunspire Dune	36.7	1007.4	0.12
01-06-2015	Sunspire Dune	36.8	1007.3	0.12
02-06-2015	Sunspire Dune	37.0	1007.3	0.12
03-06-2015	Sunspire Dune	37.1	1007.2	0.12
04-06-2015	Sunspire Dune	37.2	1007.2	0.12
05-06-2015	Sunspire Dune	37.4	1007.1	0.12
06-06-2015	Sunspire Dune	37.5	1007.1	0.12
07-06-2015	Sunspire Dune	37.6	1007.1	0.11
08-06-2015	Sunspire Dune	37.7	1007.0	0.11
09-06-2015	Sunspire Dune	37.9	1007.0	0.11
10-06-2015	Sunspire Dune	38.0	1006.9	0.11
11-06-2015	Sunspire Dune	38.1	1006.9	0.11
12-06-2015	Sunspire Dune	38.2	1006.8	0.1
13-06-2015	Sunspire Dune	38.3	1006.8	0.1
14-06-2015	Sunspire Dune	38.5	1006.7	0.1
15-06-2015	Sunspire Dune	38.6	1006.7	0.1
16-06-2015	Sunspire Dune	38.7	1006.7	0.09
17-06-2015	Sunspire Dune	38.8	1006.6	0.09
18-06-2015	Sunspire Dune	38.9	1006.6	0.09
19-06-2015	Sunspire Dune	39.0	1006.5	0.08
20-06-2015	Sunspire Dune	39.1	1006.5	0.08
21-06-2015	Sunspire Dune	39.2	1006.5	0.08
22-06-2015	Sunspire Dune	39.2	1006.4	0.09
23-06-2015	Sunspire Dune	39.3	1006.4	0.09
24-06-2015	Sunspire Dune	39.4	1006.3	0.09
25-06-2015	Sunspire Dune	39.5	1006.3	0.09
26-06-2015	Sunspire Dune	39.6	1006.3	0.1
27-06-2015	Sunspire Dune	39.6	1006.2	0.1
28-06-2015	Sunspire Dune	39.7	1006.2	0.1
29-06-2015	Sunspire Dune	39.7	1006.2	0.11
30-06-2015	Sunspire Dune	39.8	1006.1	0.11
01-07-2015	Sunspire Dune	39.8	1006.1	0.4
02-07-2015	Sunspire Dune	39.9	1006.1	0.38
03-07-2015	Sunspire Dune	39.9	1006.0	0.37
04-07-2015	Sunspire Dune	40.0	1006.0	0.37
05-07-2015	Sunspire Dune	40.0	1006.0	0.37
06-07-2015	Sunspire Dune	40.0	1005.9	0.38
07-07-2015	Sunspire Dune	40.0	1005.9	0.4
08-07-2015	Sunspire Dune	40.1	1005.9	0.42
09-07-2015	Sunspire Dune	40.1	1005.9	0.46
10-07-2015	Sunspire Dune	40.1	1005.8	0.49
11-07-2015	Sunspire Dune	40.1	1005.8	0.53
12-07-2015	Sunspire Dune	40.1	1005.8	0.57
13-07-2015	Sunspire Dune	40.1	1005.8	0.61
14-07-2015	Sunspire Dune	40.1	1005.7	0.64
15-07-2015	Sunspire Dune	40.0	1005.7	0.68
16-07-2015	Sunspire Dune	40.0	1005.7	0.71
17-07-2015	Sunspire Dune	40.0	1005.7	0.73
18-07-2015	Sunspire Dune	40.0	1005.7	0.75
19-07-2015	Sunspire Dune	39.9	1005.6	0.76
20-07-2015	Sunspire Dune	39.9	1005.6	0.76
21-07-2015	Sunspire Dune	39.8	1005.6	0.75
22-07-2015	Sunspire Dune	39.8	1005.6	0.74
23-07-2015	Sunspire Dune	39.7	1005.6	0.72
24-07-2015	Sunspire Dune	39.7	1005.6	0.69
25-07-2015	Sunspire Dune	39.6	1005.6	0.65
26-07-2015	Sunspire Dune	39.5	1005.6	0.61
27-07-2015	Sunspire Dune	39.4	1005.5	0.57
28-07-2015	Sunspire Dune	39.4	1005.5	0.53
29-07-2015	Sunspire Dune	39.3	1005.5	0.49
30-07-2015	Sunspire Dune	39.2	1005.5	0.45
31-07-2015	Sunspire Dune	39.1	1005.5	0.41
01-08-2015	Sunspire Dune	39.0	1005.5	0.38
02-08-2015	Sunspire Dune	38.9	1005.5	0.36
03-08-2015	Sunspire Dune	38.8	1005.5	0.35
04-08-2015	Sunspire Dune	38.7	1005.5	0.34
05-08-2015	Sunspire Dune	38.6	1005.5	0.35
06-08-2015	Sunspire Dune	38.5	1005.5	0.36
07-08-2015	Sunspire Dune	38.4	1005.5	0.37
08-08-2015	Sunspire Dune	38.3	1005.5	0.4
09-08-2015	Sunspire Dune	38.1	1005.5	0.43
10-08-2015	Sunspire Dune	38.0	1005.5	0.46
11-08-2015	Sunspire Dune	37.9	1005.5	0.5
12-08-2015	Sunspire Dune	37.8	1005.5	0.54
13-08-2015	Sunspire Dune	37.6	1005.5	0.59
14-08-2015	Sunspire Dune	37.5	1005.6	0.63
15-08-2015	Sunspire Dune	37.4	1005.6	0.66
16-08-2015	Sunspire Dune	37.2	1005.6	0.7
17-08-2015	Sunspire Dune	37.1	1005.6	0.73
18-08-2015	Sunspire Dune	36.9	1005.6	0.75
19-08-2015	Sunspire Dune	36.8	1005.6	0.76
20-08-2015	Sunspire Dune	36.7	1005.6	0.77
21-08-2015	Sunspire Dune	36.5	1005.7	0.77
22-08-2015	Sunspire Dune	36.4	1005.7	0.76
23-08-2015	Sunspire Dune	36.2	1005.7	0.74
24-08-2015	Sunspire Dune	36.1	1005.7	0.72
25-08-2015	Sunspire Dune	35.9	1005.7	0.69
26-08-2015	Sunspire Dune	35.8	1005.8	0.65
27-08-2015	Sunspire Dune	35.6	1005.8	0.61
28-08-2015	Sunspire Dune	35.4	1005.8	0.57
29-08-2015	Sunspire Dune	35.3	1005.8	0.53
30-08-2015	Sunspire Dune	35.1	1005.9	0.49
31-08-2015	Sunspire Dune	35.0	1005.9	0.45
01-09-2015	Sunspire Dune	34.8	1005.9	0.42
02-09-2015	Sunspire Dune	34.7	1005.9	0.39
03-09-2015	Sunspire Dune	34.5	1006.0	0.37
04-09-2015	Sunspire Dune	34.3	1006.0	0.35
05-09-2015	Sunspire Dune	34.2	1006.0	0.34
06-09-2015	Sunspire Dune	34.0	1006.1	0.35
07-09-2015	Sunspire Dune	33.9	1006.1	0.35
08-09-2015	Sunspire Dune	33.7	1006.1	0.37
09-09-2015	Sunspire Dune	33.5	1006.2	0.39
10-09-2015	Sunspire Dune	33.4	1006.2	0.42
11-09-2015	Sunspire Dune	33.2	1006.2	0.46
12-09-2015	Sunspire Dune	33.0	1006.3	0.5
13-09-2015	Sunspire Dune	32.9	1006.3	0.54
14-09-2015	Sunspire Dune	32.7	1006.4	0.59
15-09-2015	Sunspire Dune	32.5	1006.4	0.63
16-09-2015	Sunspire Dune	32.4	1006.4	0.67
17-09-2015	Sunspire Dune	32.2	1006.5	0.7
18-09-2015	Sunspire Dune	32.0	1006.5	0.72
19-09-2015	Sunspire Dune	31.9	1006.6	0.74
20-09-2015	Sunspire Dune	31.7	1006.6	0.76
21-09-2015	Sunspire Dune	31.5	1006.6	0.76
22-09-2015	Sunspire Dune	31.4	1006.7	0.76
23-09-2015	Sunspire Dune	31.2	1006.7	0.74
24-09-2015	Sunspire Dune	31.0	1006.8	0.72
25-09-2015	Sunspire Dune	30.8	1006.8	0.7
26-09-2015	Sunspire Dune	30.7	1006.9	0.67
27-09-2015	Sunspire Dune	30.5	1006.9	0.63
28-09-2015	Sunspire Dune	30.3	1007.0	0.59
29-09-2015	Sunspire Dune	30.1	1007.0	0.55
30-09-2015	Sunspire Dune	30.0	1007.0	0.51
01-10-2015	Sunspire Dune	29.8	1007.1	0.12
02-10-2015	Sunspire Dune	29.6	1007.1	0.12
03-10-2015	Sunspire Dune	29.4	1007.2	0.12
04-10-2015	Sunspire Dune	29.3	1007.2	0.12
05-10-2015	Sunspire Dune	29.1	1007.3	0.12
06-10-2015	Sunspire Dune	28.9	1007.3	0.12
07-10-2015	Sunspire Dune	28.7	1007.4	0.11
08-10-2015	Sunspire Dune	28.6	1007.4	0.11
09-10-2015	Sunspire Dune	28.4	1007.5	0.11
10-10-2015	Sunspire Dune	28.2	1007.5	0.11
11-10-2015	Sunspire Dune	28.0	1007.6	0.11
12-10-2015	Sunspire Dune	27.8	1007.6	0.1
13-10-2015	Sunspire Dune	27.6	1007.7	0.1
14-10-2015	Sunspire Dune	27.5	1007.7	0.1
15-10-2015	Sunspire Dune	27.3	1007.8	0.1
16-10-2015	Sunspire Dune	27.1	1007.8	0.09
17-10-2015	Sunspire Dune	26.9	1007.9	0.09
18-10-2015	Sunspire Dune	26.7	1007.9	0.09
19-10-2015	Sunspire Dune	26.5	1008.0	0.08
20-10-2015	Sunspire Dune	26.4	1008.0	0.08
21-10-2015	Sunspire Dune	26.2	1008.0	0.08
22-10-2015	Sunspire Dune	26.0	1008.1	0.08
23-10-2015	Sunspire Dune	25.8	1008.1	0.09
24-10-2015	Sunspire Dune	25.6	1008.2	0.09
25-10-2015	Sunspire Dune	25.4	1008.2	0.09
26-10-2015	Sunspire Dune	25.2	1008.3	0.1
27-10-2015	Sunspire Dune	25.1	1008.3	0.1
28-10-2015	Sunspire Dune	24.9	1008.4	0.1
29-10-2015	Sunspire Dune	24.7	1008.4	0.1
30-10-2015	Sunspire Dune	24.5	1008.5	0.11
31-10-2015	Sunspire Dune	24.3	1008.5	0.11
01-11-2015	Sunspire Dune	24.2	1008.6	0.11
02-11-2015	Sunspire Dune	24.0	1008.6	0.11
03-11-2015	Sunspire Dune	23.8	1008.6	0.11
04-11-2015	Sunspire Dune	23.6	1008.7	0.12
05-11-2015	Sunspire Dune	23.4	1008.7	0.12
06-11-2015	Sunspire Dune	23.3	1008.8	0.12
07-11-2015	Sunspire Dune	23.1	1008.8	0.12
08-11-2015	Sunspire Dune	22.9	1008.9	0.12
09-11-2015	Sunspire Dune	22.8	1008.9	0.12
10-11-2015	Sunspire Dune	22.6	1008.9	0.12
11-11-2015	Sunspire Dune	22.4	1009.0	0.12
12-11-2015	Sunspire Dune	22.3	1009.0	0.12
13-11-2015	Sunspire Dune	22.1	1009.1	0.12
14-11-2015	Sunspire Dune	22.0	1009.1	0.12
15-11-2015	Sunspire Dune	21.8	1009.1	0.12
16-11-2015	Sunspire Dune	21.7	1009.2	0.12
17-11-2015	Sunspire Dune	21.5	1009.2	0.11
18-11-2015	Sunspire Dune	21.4	1009.2	0.11
19-11-2015	Sunspire Dune	21.3	1009.3	0.11
20-11-2015	Sunspire Dune	21.1	1009.3	0.11
21-11-2015	Sunspire Dune	21.0	1009.3	0.11
22-11-2015	Sunspire Dune	20.9	1009.4	0.1
23-11-2015	Sunspire Dune	20.7	1009.4	0.1
24-11-2015	Sunspire Dune	20.6	1009.4	0.1
25-11-2015	Sunspire Dune	20.5	1009.5	0.1
26-11-2015	Sunspire Dune	20.4	1009.5	0.09
27-11-2015	Sunspire Dune	20.3	1009.5	0.09
28-11-2015	Sunspire Dune	20.2	1009.6	0.09
29-11-2015	Sunspire Dune	20.1	1009.6	0.08
30-11-2015	Sunspire Dune	20.0	1009.6	0.08
01-12-2015	Sunspire Dune	19.9	1009.7	0.08
02-12-2015	Sunspire Dune	19.8	1009.7	0.08
03-12-2015	Sunspire Dune	19.7	1009.7	0.09
04-12-2015	Sunspire Dune	19.7	1009.7	0.09
05-12-2015	Sunspire Dune	19.6	1009.8	0.09
06-12-2015	Sunspire Dune	19.5	1009.8	0.1
07-12-2015	Sunspire Dune	19.5	1009.8	0.1
08-12-2015	Sunspire Dune	19.4	1009.8	0.1
09-12-2015	Sunspire Dune	19.4	1009.9	0.1
10-12-2015	Sunspire Dune	19.3	1009.9	0.11
11-12-2015	Sunspire Dune	19.3	1009.9	0.11
12-12-2015	Sunspire Dune	19.3	1009.9	0.11
13-12-2015	Sunspire Dune	19.2	1009.9	0.11
14-12-2015	Sunspire Dune	19.2	1010.0	0.11
15-12-2015	Sunspire Dune	19.2	1010.0	0.12
16-12-2015	Sunspire Dune	19.2	1010.0	0.12
17-12-2015	Sunspire Dune	19.2	1010.0	0.12
18-12-2015	Sunspire Dune	19.2	1010.0	0.12
19-12-2015	Sunspire Dune	19.2	1010.0	0.12
20-12-2015	Sunspire Dune	19.2	1010.1	0.12
21-12-2015	Sunspire Dune	19.2	1010.1	0.12
22-12-2015	Sunspire Dune	19.2	1010.1	0.12
23-12-2015	Sunspire Dune	19.2	1010.1	0.12
24-12-2015	Sunspire Dune	19.3	1010.1	0.12
25-12-2015	Sunspire Dune	19.3	1010.1	0.12
26-12-2015	Sunspire Dune	19.3	1010.1	0.12
27-12-2015	Sunspire Dune	19.4	1010.1	0.12
28-12-2015	Sunspire Dune	19.4	1010.2	0.11
29-12-2015	Sunspire Dune	19.5	1010.2	0.11
30-12-2015	Sunspire Dune	19.5	1010.2	0.11
31-12-2015	Sunspire Dune	19.6	1010.2	0.11
01-01-2016	Sunspire Dune	19.7	1010.2	0.11
02-01-2016	Sunspire Dune	19.7	1010.2	0.1
03-01-2016	Sunspire Dune	19.8	1010.2	0.1
04-01-2016	Sunspire Dune	19.9	1010.2	0.1
05-01-2016	Sunspire Dune	19.9	1010.2	0.1
06-01-2016	Sunspire Dune	20.0	1010.2	0.09
07-01-2016	Sunspire Dune	20.1	1010.2	0.09
08-01-2016	Sunspire Dune	20.2	1010.2	0.09
09-01-2016	Sunspire Dune	20.2	1010.2	0.08
10-01-2016	Sunspire Dune	20.3	1010.2	0.08
11-01-2016	Sunspire Dune	20.4	1010.2	0.08
12-01-2016	Sunspire Dune	20.5	1010.2	0.09
13-01-2016	Sunspire Dune	20.6	1010.2	0.09
14-01-2016	Sunspire Dune	20.7	1010.2	0.09
15-01-2016	Sunspire Dune	20.8	1010.2	0.09
16-01-2016	Sunspire Dune	20.9	1010.2	0.1
17-01-2016	Sunspire Dune	21.0	1010.2	0.1
18-01-2016	Sunspire Dune	21.1	1010.2	0.1
19-01-2016	Sunspire Dune	21.2	1010.2	0.1
20-01-2016	Sunspire Dune	21.3	1010.2	0.11
21-01-2016	Sunspire Dune	21.4	1010.2	0.11
22-01-2016	Sunspire Dune	21.5	1010.2	0.11
23-01-2016	Sunspire Dune	21.6	1010.2	0.11
24-01-2016	Sunspire Dune	21.7	1010.2	0.11
25-01-2016	Sunspire Dune	21.8	1010.2	0.12
26-01-2016	Sunspire Dune	21.9	1010.2	0.12
27-01-2016	Sunspire Dune	22.0	1010.2	0.12
28-01-2016	Sunspire Dune	22.1	1010.2	0.12
29-01-2016	Sunspire Dune	22.2	1010.2	0.12
30-01-2016	Sunspire Dune	22.3	1010.2	0.12
31-01-2016	Sunspire Dune	22.4	1010.2	0.12
01-02-2016	Sunspire Dune	22.5	1010.2	0.12
02-02-2016	Sunspire Dune	22.6	1010.2	0.12
03-02-2016	Sunspire Dune	22.7	1010.1	0.12
04-02-2016	Sunspire Dune	22.8	1010.1	0.12
05-02-2016	Sunspire Dune	23.0	1010.1	0.12
06-02-2016	Sunspire Dune	23.1	1010.1	0.12
07-02-2016	Sunspire Dune	23.2	1010.1	0.11
08-02-2016	Sunspire Dune	23.3	1010.1	0.11
09-02-2016	Sunspire Dune	23.4	1010.1	0.11
10-02-2016	Sunspire Dune	23.5	1010.1	0.11
11-02-2016	Sunspire Dune	23.6	1010.1	0.11
12-02-2016	Sunspire Dune	23.7	1010.1	0.1
13-02-2016	Sunspire Dune	23.8	1010.1	0.1
14-02-2016	Sunspire Dune	23.9	1010.0	0.1
15-02-2016	Sunspire Dune	24.0	1010.0	0.1
16-02-2016	Sunspire Dune	24.1	1010.0	0.09
17-02-2016	Sunspire Dune	24.1	1010.0	0.09
18-02-2016	Sunspire Dune	24.2	1010.0	0.09
19-02-2016	Sunspire Dune	24.3	1010.0	0.08
20-02-2016	Sunspire Dune	24.4	1010.0	0.08
21-02-2016	Sunspire Dune	24.5	1010.0	0.08
22-02-2016	Sunspire Dune	24.6	1009.9	0.09
23-02-2016	Sunspire Dune	24.7	1009.9	0.09
24-02-2016	Sunspire Dune	24.8	1009.9	0.09
25-02-2016	Sunspire Dune	24.9	1009.9	0.09
26-02-2016	Sunspire Dune	25.0	1009.9	0.1
27-02-2016	Sunspire Dune	25.1	1009.9	0.1
28-02-2016	Sunspire Dune	25.2	1009.9	0.1
29-02-2016	Sunspire Dune	25.3	1009.9	0.11
01-03-2016	Sunspire Dune	25.4	1009.8	0.11
02-03-2016	Sunspire Dune	25.5	1009.8	0.11
03-03-2016	Sunspire Dune	25.6	1009.8	0.11
04-03-2016	Sunspire Dune	25.7	1009.8	0.11
05-03-2016	Sunspire Dune	25.8	1009.8	0.12
06-03-2016	Sunspire Dune	25.9	1009.8	0.12
07-03-2016	Sunspire Dune	26.0	1009.7	0.12
08-03-2016	Sunspire Dune	26.1	1009.7	0.12
09-03-2016	Sunspire Dune	26.2	1009.7	0.12
10-03-2016	Sunspire Dune	26.3	1009.7	0.12
11-03-2016	Sunspire Dune	26.4	1009.7	0.12
12-03-2016	Sunspire Dune	26.5	1009.7	0.12
13-03-2016	Sunspire Dune	26.6	1009.6	0.12
14-03-2016	Sunspire Dune	26.7	1009.6	0.12
15-03-2016	Sunspire Dune	26.8	1009.6	0.12
16-03-2016	Sunspire Dune	26.9	1009.6	0.12
17-03-2016	Sunspire Dune	27.0	1009.6	0.12
18-03-2016	Sunspire Dune	27.1	1009.6	0.12
19-03-2016	Sunspire Dune	27.2	1009.5	0.11
20-03-2016	Sunspire Dune	27.4	1009.5	0.11
21-03-2016	Sunspire Dune	27.5	1009.5	0.11
22-03-2016	Sunspire Dune	27.6	1009.5	0.11
23-03-2016	Sunspire Dune	27.7	1009.5	0.11
24-03-2016	Sunspire Dune	27.8	1009.4	0.1
25-03-2016	Sunspire Dune	28.0	1009.4	0.1
26-03-2016	Sunspire Dune	28.1	1009.4	0.1
27-03-2016	Sunspire Dune	28.2	1009.4	0.09
28-03-2016	Sunspire Dune	28.4	1009.4	0.09
29-03-2016	Sunspire Dune	28.5	1009.3	0.09
30-03-2016	Sunspire Dune	28.6	1009.3	0.09
31-03-2016	Sunspire Dune	28.8	1009.3	0.08
01-04-2016	Sunspire Dune	28.9	1009.3	0.08
02-04-2016	Sunspire Dune	29.0	1009.3	0.08
03-04-2016	Sunspire Dune	29.2	1009.2	0.09
04-04-2016	Sunspire Dune	29.3	1009.2	0.09
05-04-2016	Sunspire Dune	29.5	1009.2	0.09
06-04-2016	Sunspire Dune	29.6	1009.2	0.1
07-04-2016	Sunspire Dune	29.8	1009.1	0.1
08-04-2016	Sunspire Dune	29.9	1009.1	0.1
09-04-2016	Sunspire Dune	30.1	1009.1	0.1
10-04-2016	Sunspire Dune	30.2	1009.1	0.11
11-04-2016	Sunspire Dune	30.4	1009.1	0.11
12-04-2016	Sunspire Dune	30.5	1009.0	0.11
13-04-2016	Sunspire Dune	30.7	1009.0	0.11
14-04-2016	Sunspire Dune	30.9	1009.0	0.11
15-04-2016	Sunspire Dune	31.0	1009.0	0.12
16-04-2016	Sunspire Dune	31.2	1008.9	0.12
17-04-2016	Sunspire Dune	31.3	1008.9	0.12
18-04-2016	Sunspire Dune	31.5	1008.9	0.12
19-04-2016	Sunspire Dune	31.7	1008.8	0.12
20-04-2016	Sunspire Dune	31.8	1008.8	0.12
21-04-2016	Sunspire Dune	32.0	1008.8	0.12
22-04-2016	Sunspire Dune	32.2	1008.8	0.12
23-04-2016	Sunspire Dune	32.3	1008.7	0.12
24-04-2016	Sunspire Dune	32.5	1008.7	0.12
25-04-2016	Sunspire Dune	32.7	1008.7	0.12
26-04-2016	Sunspire Dune	32.8	1008.7	0.12
27-04-2016	Sunspire Dune	33.0	1008.6	0.12
28-04-2016	Sunspire Dune	33.1	1008.6	0.11
29-04-2016	Sunspire Dune	33.3	1008.6	0.11
30-04-2016	Sunspire Dune	33.5	1008.5	0.11
01-05-2016	Sunspire Dune	33.6	1008.5	0.11
02-05-2016	Sunspire Dune	33.8	1008.5	0.11
03-05-2016	Sunspire Dune	33.9	1008.4	0.11
04-05-2016	Sunspire Dune	34.1	1008.4	0.1
05-05-2016	Sunspire Dune	34.3	1008.4	0.1
06-05-2016	Sunspire Dune	34.4	1008.4	0.1
07-05-2016	Sunspire Dune	34.6	1008.3	0.09
08-05-2016	Sunspire Dune	34.7	1008.3	0.09
09-05-2016	Sunspire Dune	34.9	1008.3	0.09
10-05-2016	Sunspire Dune	35.0	1008.2	0.09
11-05-2016	Sunspire Dune	35.2	1008.2	0.08
12-05-2016	Sunspire Dune	35.3	1008.2	0.08
13-05-2016	Sunspire Dune	35.4	1008.1	0.08
14-05-2016	Sunspire Dune	35.6	1008.1	0.09
15-05-2016	Sunspire Dune	35.7	1008.1	0.09
16-05-2016	Sunspire Dune	35.9	1008.0	0.09
17-05-2016	Sunspire Dune	36.0	1008.0	0.1
18-05-2016	Sunspire Dune	36.1	1008.0	0.1
19-05-2016	sunspire dune	36.2	1007.9	0.1
20-05-2016	Sunspire Dune	36.4	1007.9	0.1
21-05-2016	Sunspire Dune	36.5	1007.8	0.11
22-05-2016	Sunspire Dune	36.6	1007.8	0.11
23-05-2016	Sunspire Dune	36.7	1007.8	0.11
24-05-2016	Sunspire Dune	36.8	1007.7	0.11
25-05-2016	Sunspire Dune	36.9	1007.7	0.11
26-05-2016	Sunspire Dune	37.1	1007.7	0.12
27-05-2016	Sunspire Dune	37.2	1007.6	0.12
28-05-2016	Sunspire Dune	37.3	1007.6	0.12
29-05-2016	Sunspire Dune	37.4	1007.6	0.12
30-05-2016	Sunspire Dune	37.5	1007.5	0.12
31-05-2016	Sunspire Dune	37.5	1007.5	0.12
01-06-2016	Sunspire Dune	37.6	1007.4	0.12
02-06-2016	Sunspire Dune	37.7	1007.4	0.12
03-06-2016	Sunspire Dune	37.8	1007.4	0.12
04-06-2016	Sunspire Dune	37.9	1007.3	0.12
05-06-2016	Sunspire Dune	38.0	1007.3	0.12
06-06-2016	Sunspire Dune	38.0	1007.3	0.12
07-06-2016	Sunspire Dune	38.1	1007.2	0.12
08-06-2016	Sunspire Dune	38.2	1007.2	0.11
09-06-2016	Sunspire Dune	38.2	1007.2	0.11
10-06-2016	Sunspire Dune	38.3	1007.1	0.11
11-06-2016	Sunspire Dune	38.4	1007.1	0.11
12-06-2016	Sunspire Dune	38.4	1007.0	0.11
13-06-2016	Sunspire Dune	38.5	1007.0	0.1
14-06-2016	Sunspire Dune	38.5	1007.0	0.1
15-06-2016	Sunspire Dune	38.6	1006.9	0.1
16-06-2016	Sunspire Dune	38.6	1006.9	0.1
17-06-2016	Sunspire Dune	38.7	1006.9	0.09
18-06-2016	Sunspire Dune	38.7	1006.8	0.09
19-06-2016	Sunspire Dune	38.8	1006.8	0.09
20-06-2016	Sunspire Dune	38.8	1006.8	0.08
21-06-2016	Sunspire Dune	38.8	1006.7	0.08
22-06-2016	Sunspire Dune	38.9	1006.7	0.08
23-06-2016	Sunspire Dune	38.9	1006.6	0.08
24-06-2016	Sunspire Dune	38.9	1006.6	0.09
25-06-2016	Sunspire Dune	39.0	1006.6	0.09
26-06-2016	Sunspire Dune	39.0	1006.5	0.09
27-06-2016	Sunspire Dune	39.0	1006.5	0.1
28-06-2016	Sunspire Dune	39.0	1006.5	0.1
29-06-2016	Sunspire Dune	39.1	1006.4	0.1
30-06-2016	Sunspire Dune	39.1	1006.4	0.1
01-07-2016	Sunspire Dune	39.1	1006.4	0.75
02-07-2016	Sunspire Dune	39.1	1006.3	0.73
03-07-2016	Sunspire Dune	39.1	1006.3	0.71
04-07-2016	Sunspire Dune	39.1	1006.3	0.69
05-07-2016	Sunspire Dune	39.1	1006.3	0.65
06-07-2016	Sunspire Dune	39.2	1006.2	0.62
07-07-2016	Sunspire Dune	39.2	1006.2	0.58
08-07-2016	Sunspire Dune	39.2	1006.2	0.54
09-07-2016	Sunspire Dune	39.2	1006.1	0.5
10-07-2016	Sunspire Dune	39.2	1006.1	0.47
11-07-2016	Sunspire Dune	39.2	1006.1	0.44
12-07-2016	Sunspire Dune	39.2	1006.1	0.41
13-07-2016	Sunspire Dune	39.2	1006.0	0.39
14-07-2016	Sunspire Dune	39.2	1006.0	0.38
15-07-2016	Sunspire Dune	39.2	1006.0	0.37
16-07-2016	Sunspire Dune	39.2	1006.0	0.37
17-07-2016	Sunspire Dune	39.1	1005.9	0.38
18-07-2016	Sunspire Dune	39.1	1005.9	0.4
19-07-2016	Sunspire Dune	39.1	1005.9	0.42
20-07-2016	Sunspire Dune	39.1	1005.9	0.45
21-07-2016	Sunspire Dune	39.1	1005.8	0.48
22-07-2016	Sunspire Dune	39.1	1005.8	0.52
23-07-2016	Sunspire Dune	39.0	1005.8	0.55
24-07-2016	Sunspire Dune	39.0	1005.8	0.59
25-07-2016	Sunspire Dune	39.0	1005.8	0.63
26-07-2016	Sunspire Dune	39.0	1005.8	0.66
27-07-2016	Sunspire Dune	38.9	1005.7	0.69
28-07-2016	Sunspire Dune	38.9	1005.7	0.71
29-07-2016	Sunspire Dune	38.9	1005.7	0.73
30-07-2016	Sunspire Dune	38.8	1005.7	0.73
31-07-2016	Sunspire Dune	38.8	1005.7	0.73
01-08-2016	Sunspire Dune	38.7	1005.7	0.73
02-08-2016	Sunspire Dune	38.7	1005.7	0.71
03-08-2016	Sunspire Dune	38.6	1005.7	0.7
04-08-2016	Sunspire Dune	38.6	1005.6	0.67
05-08-2016	Sunspire Dune	38.5	1005.6	0.65
06-08-2016	Sunspire Dune	38.5	1005.6	0.61
07-08-2016	Sunspire Dune	38.4	1005.6	0.58
08-08-2016	Sunspire Dune	38.4	1005.6	0.54
09-08-2016	Sunspire Dune	38.3	1005.6	0.5
10-08-2016	Sunspire Dune	38.2	1005.6	0.47
11-08-2016	Sunspire Dune	38.1	1005.6	0.44
12-08-2016	Sunspire Dune	38.1	1005.6	0.41
13-08-2016	Sunspire Dune	38.0	1005.6	0.39
14-08-2016	Sunspire Dune	37.9	1005.6	0.37
15-08-2016	Sunspire Dune	37.8	1005.6	0.37
16-08-2016	Sunspire Dune	37.7	1005.6	0.37
17-08-2016	Sunspire Dune	37.6	1005.6	0.37
18-08-2016	Sunspire Dune	37.5	1005.6	0.39
19-08-2016	Sunspire Dune	37.4	1005.6	0.41
20-08-2016	Sunspire Dune	37.3	1005.6	0.44
21-08-2016	Sunspire Dune	37.2	1005.7	0.48
22-08-2016	Sunspire Dune	37.1	1005.7	0.51
23-08-2016	Sunspire Dune	36.9	1005.7	0.55
24-08-2016	Sunspire Dune	36.8	1005.7	0.59
25-08-2016	Sunspire Dune	36.7	1005.7	0.63
26-08-2016	Sunspire Dune	36.5	1005.7	0.67
27-08-2016	Sunspire Dune	36.4	1005.7	0.7
28-08-2016	Sunspire Dune	36.3	1005.7	0.72
29-08-2016	Sunspire Dune	36.1	1005.8	0.74
30-08-2016	Sunspire Dune	36.0	1005.8	0.76
31-08-2016	Sunspire Dune	35.8	1005.8	0.76
01-09-2016	Sunspire Dune	35.7	1005.8	0.76
02-09-2016	Sunspire Dune	35.5	1005.8	0.74
03-09-2016	Sunspire Dune	35.3	1005.9	0.73
04-09-2016	Sunspire Dune	35.2	1005.9	0.7
05-09-2016	Sunspire Dune	35.0	1005.9	0.67
06-09-2016	Sunspire Dune	34.8	1005.9	0.63
07-09-2016	Sunspire Dune	34.6	1006.0	0.59
08-09-2016	Sunspire Dune	34.4	1006.0	0.55
09-09-2016	Sunspire Dune	34.2	1006.0	0.5
10-09-2016	Sunspire Dune	34.0	1006.0	0.46
11-09-2016	Sunspire Dune	33.8	1006.1	0.42
12-09-2016	Sunspire Dune	33.6	1006.1	0.39
13-09-2016	Sunspire Dune	33.4	1006.1	0.37
14-09-2016	Sunspire Dune	33.2	1006.2	0.35
15-09-2016	Sunspire Dune	33.0	1006.2	0.35
16-09-2016	Sunspire Dune	32.8	1006.2	0.34
17-09-2016	Sunspire Dune	32.6	1006.3	0.35
18-09-2016	Sunspire Dune	32.4	1006.3	0.37
19-09-2016	Sunspire Dune	32.2	1006.3	0.39
20-09-2016	Sunspire Dune	32.0	1006.4	0.41
21-09-2016	Sunspire Dune	31.7	1006.4	0.45
22-09-2016	Sunspire Dune	31.5	1006.5	0.49
23-09-2016	Sunspire Dune	31.3	1006.5	0.53
24-09-2016	Sunspire Dune	31.1	1006.5	0.57
25-09-2016	Sunspire Dune	30.8	1006.6	0.61
26-09-2016	Sunspire Dune	30.6	1006.6	0.65
27-09-2016	Sunspire Dune	30.4	1006.7	0.68
28-09-2016	Sunspire Dune	30.1	1006.7	0.72
29-09-2016	Sunspire Dune	29.9	1006.7	0.74
30-09-2016	Sunspire Dune	29.7	1006.8	0.76
01-10-2016	Sunspire Dune	29.4	1006.8	0.12
02-10-2016	Sunspire Dune	29.2	1006.9	0.12
03-10-2016	Sunspire Dune	29.0	1006.9	0.12
04-10-2016	Sunspire Dune	28.7	1007.0	0.12
05-10-2016	Sunspire Dune	28.5	1007.0	0.12
06-10-2016	Sunspire Dune	28.3	1007.1	0.12
07-10-2016	Sunspire Dune	28.0	1007.1	0.12
08-10-2016	Sunspire Dune	27.8	1007.2	0.12
09-10-2016	Sunspire Dune	27.6	1007.2	0.11
10-10-2016	Sunspire Dune	27.4	1007.3	0.11
11-10-2016	Sunspire Dune	27.1	1007.3	0.11
12-10-2016	Sunspire Dune	26.9	1007.4	0.11
13-10-2016	Sunspire Dune	26.7	1007.4	0.11
14-10-2016	Sunspire Dune	26.5	1007.5	0.1
15-10-2016	Sunspire Dune	26.3	1007.5	0.1
16-10-2016	Sunspire Dune	26.1	1007.6	0.1
17-10-2016	Sunspire Dune	25.9	1007.6	0.1
18-10-2016	Sunspire Dune	25.7	1007.7	0.09
19-10-2016	Sunspire Dune	25.5	1007.7	0.09
20-10-2016	Sunspire Dune	25.3	1007.8	0.09
21-10-2016	Sunspire Dune	25.1	1007.8	0.08
22-10-2016	Sunspire Dune	24.9	1007.9	0.08
23-10-2016	Sunspire Dune	24.7	1007.9	0.08
24-10-2016	Sunspire Dune	24.5	1008.0	0.09
25-10-2016	Sunspire Dune	24.3	1008.0	0.09
26-10-2016	Sunspire Dune	24.1	1008.1	0.09
27-10-2016	Sunspire Dune	24.0	1008.1	0.09
28-10-2016	Sunspire Dune	23.8	1008.2	0.1
29-10-2016	Sunspire Dune	23.6	1008.2	0.1
30-10-2016	Sunspire Dune	23.5	1008.3	0.1
31-10-2016	Sunspire Dune	23.3	1008.3	0.11
01-11-2016	Sunspire Dune	23.1	1008.4	0.11
02-11-2016	Sunspire Dune	23.0	1008.4	0.11
03-11-2016	Sunspire Dune	22.9	1008.5	0.11
04-11-2016	Sunspire Dune	22.7	1008.5	0.11
05-11-2016	Sunspire Dune	22.6	1008.6	0.11
06-11-2016	Sunspire Dune	22.4	1008.6	0.12
07-11-2016	Sunspire Dune	22.3	1008.7	0.12
08-11-2016	Sunspire Dune	22.2	1008.7	0.12
09-11-2016	Sunspire Dune	22.1	1008.8	0.12
10-11-2016	Sunspire Dune	22.0	1008.8	0.12
11-11-2016	Sunspire Dune	21.9	1008.9	0.12
12-11-2016	Sunspire Dune	21.7	1008.9	0.12
13-11-2016	Sunspire Dune	21.6	1009.0	0.12
14-11-2016	Sunspire Dune	21.5	1009.0	0.12
15-11-2016	Sunspire Dune	21.5	1009.1	0.12
16-11-2016	Sunspire Dune	21.4	1009.1	0.12
17-11-2016	Sunspire Dune	21.3	1009.2	0.12
18-11-2016	Sunspire Dune	21.2	1009.2	0.12
19-11-2016	Sunspire Dune	21.1	1009.3	0.11
20-11-2016	Sunspire Dune	21.0	1009.3	0.11
21-11-2016	Sunspire Dune	21.0	1009.3	0.11
22-11-2016	Sunspire Dune	20.9	1009.4	0.11
23-11-2016	Sunspire Dune	20.8	1009.4	0.11
24-11-2016	Sunspire Dune	20.8	1009.5	0.1
25-11-2016	Sunspire Dune	20.7	1009.5	0.1
26-11-2016	Sunspire Dune	20.7	1009.6	0.1
27-11-2016	Sunspire Dune	20.6	1009.6	0.09
28-11-2016	Sunspire Dune	20.6	1009.6	0.09
29-11-2016	Sunspire Dune	20.5	1009.7	0.09
30-11-2016	Sunspire Dune	20.5	1009.7	0.09
01-12-2016	Sunspire Dune	20.5	1009.7	0.08
02-12-2016	Sunspire Dune	20.4	1009.8	0.08
03-12-2016	Sunspire Dune	20.4	1009.8	0.08
04-12-2016	Sunspire Dune	20.4	1009.9	0.09
05-12-2016	Sunspire Dune	20.3	1009.9	0.09
06-12-2016	Sunspire Dune	20.3	1009.9	0.09
07-12-2016	Sunspire Dune	20.3	1010.0	0.1
08-12-2016	Sunspire Dune	20.3	1010.0	0.1
09-12-2016	Sunspire Dune	20.3	1010.0	0.1
10-12-2016	Sunspire Dune	20.3	1010.0	0.1
11-12-2016	Sunspire Dune	20.2	1010.1	0.11
12-12-2016	Sunspire Dune	20.2	1010.1	0.11
13-12-2016	Sunspire Dune	20.2	1010.1	0.11
14-12-2016	Sunspire Dune	20.2	1010.2	0.11
15-12-2016	Sunspire Dune	20.2	1010.2	0.11
16-12-2016	Sunspire Dune	20.2	1010.2	0.12
17-12-2016	Sunspire Dune	20.2	1010.2	0.12
18-12-2016	Sunspire Dune	20.2	1010.3	0.12
19-12-2016	Sunspire Dune	20.2	1010.3	0.12
20-12-2016	Sunspire Dune	20.2	1010.3	0.12
21-12-2016	Sunspire Dune	20.2	1010.3	0.12
22-12-2016	Sunspire Dune	20.2	1010.3	0.12
23-12-2016	Sunspire Dune	20.2	1010.4	0.12
24-12-2016	Sunspire Dune	20.2	1010.4	0.12
25-12-2016	Sunspire Dune	20.2	1010.4	0.12
26-12-2016	Sunspire Dune	20.2	1010.4	0.12
27-12-2016	Sunspire Dune	20.2	1010.4	0.12
28-12-2016	Sunspire Dune	20.3	1010.4	0.12
29-12-2016	Sunspire Dune	20.3	1010.4	0.11
30-12-2016	Sunspire Dune	20.3	1010.5	0.11
31-12-2016	Sunspire Dune	20.3	1010.5	0.11
01-01-2017	Sunspire Dune	20.4	1010.5	0.11
02-01-2017	Sunspire Dune	20.4	1010.5	0.11
03-01-2017	Sunspire Dune	20.4	1010.5	0.11
04-01-2017	Sunspire Dune	20.4	1010.5	0.1
05-01-2017	Sunspire Dune	20.4	1010.5	0.1
06-01-2017	Sunspire Dune	20.5	1010.5	0.1
07-01-2017	Sunspire Dune	20.5	1010.5	0.09
08-01-2017	Sunspire Dune	20.5	1010.5	0.09
09-01-2017	Sunspire Dune	20.5	1010.5	0.09
10-01-2017	Sunspire Dune	20.6	1010.5	0.09
11-01-2017	Sunspire Dune	20.6	1010.5	0.08
12-01-2017	Sunspire Dune	20.6	1010.5	0.08
13-01-2017	Sunspire Dune	20.7	1010.5	0.08
14-01-2017	Sunspire Dune	20.7	1010.5	0.09
15-01-2017	Sunspire Dune	20.7	1010.5	0.09
16-01-2017	Sunspire Dune	20.8	1010.5	0.09
17-01-2017	Sunspire Dune	20.8	1010.5	0.1
18-01-2017	Sunspire Dune	20.9	1010.5	0.1
19-01-2017	Sunspire Dune	20.9	1010.5	0.1
20-01-2017	Sunspire Dune	21.0	1010.5	0.1
21-01-2017	Sunspire Dune	21.0	1010.5	0.11
22-01-2017	Sunspire Dune	21.1	1010.5	0.11
23-01-2017	Sunspire Dune	21.1	1010.5	0.11
24-01-2017	Sunspire Dune	21.2	1010.5	0.11
25-01-2017	Sunspire Dune	21.2	1010.5	0.11
26-01-2017	Sunspire Dune	21.3	1010.5	0.12
27-01-2017	Sunspire Dune	21.4	1010.5	0.12
28-01-2017	Sunspire Dune	21.4	1010.4	0.12
29-01-2017	Sunspire Dune	21.5	1010.4	0.12
30-01-2017	Sunspire Dune	21.6	1010.4	0.12
31-01-2017	Sunspire Dune	21.6	1010.4	0.12
01-02-2017	Sunspire Dune	21.7	1010.4	0.12
02-02-2017	Sunspire Dune	21.8	1010.4	0.12
03-02-2017	Sunspire Dune	21.9	1010.4	0.12
04-02-2017	Sunspire Dune	22.0	1010.4	0.12
05-02-2017	Sunspire Dune	22.0	1010.3	0.12
06-02-2017	Sunspire Dune	22.1	1010.3	0.12
07-02-2017	Sunspire Dune	22.2	1010.3	0.12
08-02-2017	Sunspire Dune	22.3	1010.3	0.11
09-02-2017	Sunspire Dune	22.4	1010.3	0.11
10-02-2017	Sunspire Dune	22.5	1010.3	0.11
11-02-2017	Sunspire Dune	22.6	1010.2	0.11
12-02-2017	Sunspire Dune	22.7	1010.2	0.11
13-02-2017	Sunspire Dune	22.9	1010.2	0.1
14-02-2017	Sunspire Dune	23.0	1010.2	0.1
15-02-2017	Sunspire Dune	23.1	1010.2	0.1
16-02-2017	Sunspire Dune	23.2	1010.2	0.1
17-02-2017	Sunspire Dune	23.3	1010.1	0.09
18-02-2017	Sunspire Dune	23.5	1010.1	0.09
19-02-2017	Sunspire Dune	23.6	1010.1	0.09
20-02-2017	Sunspire Dune	23.7	1010.1	0.09
21-02-2017	Sunspire Dune	23.8	1010.0	0.08
22-02-2017	Sunspire Dune	24.0	1010.0	0.08
23-02-2017	Sunspire Dune	24.1	1010.0	0.08
24-02-2017	Sunspire Dune	24.2	1010.0	0.09
25-02-2017	Sunspire Dune	24.4	1010.0	0.09
26-02-2017	Sunspire Dune	24.5	1009.9	0.09
27-02-2017	Sunspire Dune	24.7	1009.9	0.1
28-02-2017	Sunspire Dune	24.8	1009.9	0.1
01-03-2017	Sunspire Dune	25.0	1009.9	0.1
02-03-2017	Sunspire Dune	25.1	1009.8	0.1
03-03-2017	Sunspire Dune	25.3	1009.8	0.11
04-03-2017	Sunspire Dune	25.4	1009.8	0.11
05-03-2017	Sunspire Dune	25.6	1009.8	0.11
06-03-2017	Sunspire Dune	25.7	1009.7	0.11
07-03-2017	Sunspire Dune	25.9	1009.7	0.11
08-03-2017	Sunspire Dune	26.0	1009.7	0.12
09-03-2017	Sunspire Dune	26.2	1009.7	0.12
10-03-2017	Sunspire Dune	26.3	1009.6	0.12
11-03-2017	Sunspire Dune	26.5	1009.6	0.12
12-03-2017	Sunspire Dune	26.6	1009.6	0.12
13-03-2017	Sunspire Dune	26.8	1009.6	0.12
14-03-2017	Sunspire Dune	27.0	1009.5	0.12
15-03-2017	Sunspire Dune	27.1	1009.5	0.12
16-03-2017	Sunspire Dune	27.3	1009.5	0.12
17-03-2017	Sunspire Dune	27.4	1009.5	0.12
18-03-2017	Sunspire Dune	27.6	1009.4	0.12
19-03-2017	Sunspire Dune	27.8	1009.4	0.12
20-03-2017	Sunspire Dune	27.9	1009.4	0.12
21-03-2017	Sunspire Dune	28.1	1009.4	0.11
22-03-2017	Sunspire Dune	28.2	1009.3	0.11
23-03-2017	Sunspire Dune	28.4	1009.3	0.11
24-03-2017	Sunspire Dune	28.5	1009.3	0.11
25-03-2017	Sunspire Dune	28.7	1009.2	0.11
26-03-2017	Sunspire Dune	28.8	1009.2	0.1
27-03-2017	Sunspire Dune	29.0	1009.2	0.1
28-03-2017	Sunspire Dune	29.1	1009.2	0.1
29-03-2017	Sunspire Dune	29.3	1009.1	0.1
30-03-2017	Sunspire Dune	29.4	1009.1	0.09
31-03-2017	Sunspire Dune	29.6	1009.1	0.09
01-04-2017	Sunspire Dune	29.7	1009.1	0.09
02-04-2017	Sunspire Dune	29.9	1009.0	0.08
03-04-2017	Sunspire Dune	30.0	1009.0	0.08
04-04-2017	Sunspire Dune	30.1	1009.0	0.08
05-04-2017	Sunspire Dune	30.3	1009.0	0.08
06-04-2017	Sunspire Dune	30.4	1008.9	0.09
07-04-2017	Sunspire Dune	30.6	1008.9	0.09
08-04-2017	Sunspire Dune	30.7	1008.9	0.09
09-04-2017	Sunspire Dune	30.8	1008.8	0.1
10-04-2017	Sunspire Dune	31.0	1008.8	0.1
11-04-2017	Sunspire Dune	31.1	1008.8	0.1
12-04-2017	Sunspire Dune	31.2	1008.8	0.1
13-04-2017	Sunspire Dune	31.3	1008.7	0.11
14-04-2017	Sunspire Dune	31.5	1008.7	0.11
15-04-2017	Sunspire Dune	31.6	1008.7	0.11
16-04-2017	Sunspire Dune	31.7	1008.7	0.11
17-04-2017	Sunspire Dune	31.8	1008.6	0.11
18-04-2017	Sunspire Dune	31.9	1008.6	0.12
19-04-2017	Sunspire Dune	32.1	1008.6	0.12
20-04-2017	Sunspire Dune	32.2	1008.6	0.12
21-04-2017	Sunspire Dune	32.3	1008.5	0.12
22-04-2017	Sunspire Dune	32.4	1008.5	0.12
23-04-2017	Sunspire Dune	32.5	1008.5	0.12
24-04-2017	Sunspire Dune	32.6	1008.4	0.12
25-04-2017	Sunspire Dune	32.7	1008.4	0.12
26-04-2017	Sunspire Dune	32.9	1008.4	0.12
27-04-2017	Sunspire Dune	33.0	1008.4	0.12
28-04-2017	Sunspire Dune	33.1	1008.3	0.12
29-04-2017	Sunspire Dune	33.2	1008.3	0.12
30-04-2017	Sunspire Dune	33.3	1008.3	0.12
01-05-2017	Sunspire Dune	33.4	1008.3	0.11
02-05-2017	Sunspire Dune	33.5	1008.2	0.11
03-05-2017	Sunspire Dune	33.6	1008.2	0.11
04-05-2017	Sunspire Dune	33.7	1008.2	0.11
05-05-2017	Sunspire Dune	33.8	1008.2	0.11
06-05-2017	Sunspire Dune	33.9	1008.1	0.1
07-05-2017	Sunspire Dune	34.0	1008.1	0.1
08-05-2017	Sunspire Dune	34.1	1008.1	0.1
09-05-2017	Sunspire Dune	34.2	1008.0	0.1
10-05-2017	Sunspire Dune	34.3	1008.0	0.09
11-05-2017	Sunspire Dune	34.4	1008.0	0.09
12-05-2017	Sunspire Dune	34.5	1008.0	0.09
13-05-2017	Sunspire Dune	34.6	1007.9	0.08
14-05-2017	Sunspire Dune	34.7	1007.9	0.08
15-05-2017	Sunspire Dune	34.9	1007.9	0.08
16-05-2017	Sunspire Dune	35.0	1007.9	0.09
17-05-2017	Sunspire Dune	35.1	1007.8	0.09
18-05-2017	Sunspire Dune	35.2	1007.8	0.09
19-05-2017	Sunspire Dune	35.3	1007.8	0.09
20-05-2017	Sunspire Dune	35.4	1007.7	0.1
21-05-2017	Sunspire Dune	35.5	1007.7	0.1
22-05-2017	Sunspire Dune	35.6	1007.7	0.1
23-05-2017	Sunspire Dune	35.7	1007.7	0.1
24-05-2017	Sunspire Dune	35.8	1007.6	0.11
25-05-2017	Sunspire Dune	35.9	1007.6	0.11
26-05-2017	Sunspire Dune	36.0	1007.6	0.11
27-05-2017	Sunspire Dune	36.1	1007.6	0.11
28-05-2017	Sunspire Dune	36.3	1007.5	0.11
29-05-2017	Sunspire Dune	36.4	1007.5	0.12
30-05-2017	Sunspire Dune	36.5	1007.5	0.12
31-05-2017	Sunspire Dune	36.6	1007.4	0.12
01-06-2017	Sunspire Dune	36.7	1007.4	0.12
02-06-2017	Sunspire Dune	36.8	1007.4	0.12
03-06-2017	Sunspire Dune	36.9	1007.4	0.12
04-06-2017	Sunspire Dune	37.0	1007.3	0.12
05-06-2017	Sunspire Dune	37.1	1007.3	0.12
06-06-2017	Sunspire Dune	37.3	1007.3	0.12
07-06-2017	Sunspire Dune	37.4	1007.3	0.12
08-06-2017	Sunspire Dune	37.5	1007.2	0.12
09-06-2017	Sunspire Dune	37.6	1007.2	0.12
10-06-2017	Sunspire Dune	37.7	1007.2	0.12
11-06-2017	Sunspire Dune	37.8	1007.1	0.11
12-06-2017	Sunspire Dune	37.9	1007.1	0.11
13-06-2017	Sunspire Dune	38.0	1007.1	0.11
14-06-2017	Sunspire Dune	38.1	1007.1	0.11
15-06-2017	Sunspire Dune	38.2	1007.0	0.11
16-06-2017	Sunspire Dune	38.3	1007.0	0.1
17-06-2017	Sunspire Dune	38.5	1007.0	0.1
18-06-2017	Sunspire Dune	38.6	1007.0	0.1
19-06-2017	Sunspire Dune	38.7	1006.9	0.1
20-06-2017	Sunspire Dune	38.8	1006.9	0.09
21-06-2017	Sunspire Dune	38.8	1006.9	0.09
22-06-2017	Sunspire Dune	38.9	1006.8	0.09
23-06-2017	Sunspire Dune	39.0	1006.8	0.08
24-06-2017	Sunspire Dune	39.1	1006.8	0.08
25-06-2017	Sunspire Dune	39.2	1006.8	0.08
26-06-2017	Sunspire Dune	39.3	1006.7	0.09
27-06-2017	Sunspire Dune	39.4	1006.7	0.09
28-06-2017	Sunspire Dune	39.5	1006.7	0.09
29-06-2017	Sunspire Dune	39.5	1006.7	0.09
30-06-2017	Sunspire Dune	39.6	1006.6	0.1
01-07-2017	Sunspire Dune	39.7	1006.6	0.45
02-07-2017	Sunspire Dune	39.7	1006.6	0.49
03-07-2017	Sunspire Dune	39.8	1006.6	0.53
04-07-2017	Sunspire Dune	39.9	1006.5	0.57
05-07-2017	Sunspire Dune	39.9	1006.5	0.61
06-07-2017	Sunspire Dune	40.0	1006.5	0.65
07-07-2017	Sunspire Dune	40.0	1006.5	0.69
08-07-2017	Sunspire Dune	40.0	1006.4	0.72
09-07-2017	Sunspire Dune	40.1	1006.4	0.74
10-07-2017	Sunspire Dune	40.1	1006.4	0.76
11-07-2017	Sunspire Dune	40.1	1006.4	0.77
12-07-2017	Sunspire Dune	40.2	1006.3	0.77
13-07-2017	Sunspire Dune	40.2	1006.3	0.76
14-07-2017	Sunspire Dune	40.2	1006.3	0.74
15-07-2017	Sunspire Dune	40.2	1006.3	0.72
16-07-2017	Sunspire Dune	40.2	1006.3	0.69
17-07-2017	Sunspire Dune	40.2	1006.2	0.66
18-07-2017	Sunspire Dune	40.2	1006.2	0.62
19-07-2017	Sunspire Dune	40.2	1006.2	0.58
20-07-2017	Sunspire Dune	40.2	1006.2	0.54
21-07-2017	Sunspire Dune	40.1	1006.2	0.5
22-07-2017	Sunspire Dune	40.1	1006.1	0.46
23-07-2017	Sunspire Dune	40.1	1006.1	0.43
24-07-2017	Sunspire Dune	40.0	1006.1	0.4
25-07-2017	Sunspire Dune	40.0	1006.1	0.38
26-07-2017	Sunspire Dune	39.9	1006.1	0.36
27-07-2017	Sunspire Dune	39.9	1006.1	0.35
28-07-2017	Sunspire Dune	39.8	1006.0	0.35
29-07-2017	Sunspire Dune	39.8	1006.0	0.36
30-07-2017	Sunspire Dune	39.7	1006.0	0.38
31-07-2017	Sunspire Dune	39.6	1006.0	0.4
01-08-2017	Sunspire Dune	39.5	1006.0	0.43
02-08-2017	Sunspire Dune	39.4	1006.0	0.46
03-08-2017	Sunspire Dune	39.3	1006.0	0.49
04-08-2017	Sunspire Dune	39.3	1005.9	0.53
05-08-2017	Sunspire Dune	39.2	1005.9	0.57
06-08-2017	Sunspire Dune	39.0	1005.9	0.61
07-08-2017	Sunspire Dune	38.9	1005.9	0.65
08-08-2017	Sunspire Dune	38.8	1005.9	0.68
09-08-2017	Sunspire Dune	38.7	1005.9	0.71
10-08-2017	Sunspire Dune	38.6	1005.9	0.73
11-08-2017	Sunspire Dune	38.4	1005.9	0.75
12-08-2017	Sunspire Dune	38.3	1005.9	0.75
13-08-2017	Sunspire Dune	38.2	1005.9	0.75
14-08-2017	Sunspire Dune	38.0	1005.9	0.74
15-08-2017	Sunspire Dune	37.9	1005.9	0.72
16-08-2017	Sunspire Dune	37.7	1005.9	0.7
17-08-2017	Sunspire Dune	37.6	1005.9	0.67
18-08-2017	Sunspire Dune	37.4	1005.8	0.63
19-08-2017	Sunspire Dune	37.3	1005.8	0.6
20-08-2017	Sunspire Dune	37.1	1005.8	0.56
21-08-2017	Sunspire Dune	36.9	1005.8	0.52
22-08-2017	Sunspire Dune	36.8	1005.8	0.48
23-08-2017	Sunspire Dune	36.6	1005.9	0.45
24-08-2017	Sunspire Dune	36.4	1005.9	0.42
25-08-2017	Sunspire Dune	36.3	1005.9	0.4
26-08-2017	Sunspire Dune	36.1	1005.9	0.38
27-08-2017	Sunspire Dune	35.9	1005.9	0.37
28-08-2017	Sunspire Dune	35.7	1005.9	0.37
29-08-2017	Sunspire Dune	35.5	1005.9	0.38
30-08-2017	Sunspire Dune	35.4	1005.9	0.39
31-08-2017	Sunspire Dune	35.2	1005.9	0.41
01-09-2017	Sunspire Dune	35.0	1005.9	0.44
02-09-2017	Sunspire Dune	34.8	1005.9	0.47
03-09-2017	Sunspire Dune	34.6	1005.9	0.5
04-09-2017	Sunspire Dune	34.4	1005.9	0.54
05-09-2017	Sunspire Dune	34.2	1006.0	0.58
06-09-2017	Sunspire Dune	34.0	1006.0	0.61
07-09-2017	Sunspire Dune	33.8	1006.0	0.65
08-09-2017	Sunspire Dune	33.6	1006.0	0.68
09-09-2017	Sunspire Dune	33.5	1006.0	0.7
10-09-2017	Sunspire Dune	33.3	1006.0	0.72
11-09-2017	Sunspire Dune	33.1	1006.1	0.73
12-09-2017	Sunspire Dune	32.9	1006.1	0.74
13-09-2017	Sunspire Dune	32.7	1006.1	0.73
14-09-2017	Sunspire Dune	32.5	1006.1	0.72
15-09-2017	Sunspire Dune	32.3	1006.1	0.71
16-09-2017	Sunspire Dune	32.1	1006.2	0.68
17-09-2017	Sunspire Dune	31.9	1006.2	0.66
18-09-2017	Sunspire Dune	31.7	1006.2	0.63
19-09-2017	Sunspire Dune	31.5	1006.2	0.59
20-09-2017	Sunspire Dune	31.4	1006.3	0.55
21-09-2017	Sunspire Dune	31.2	1006.3	0.52
22-09-2017	Sunspire Dune	31.0	1006.3	0.48
23-09-2017	Sunspire Dune	30.8	1006.4	0.45
24-09-2017	Sunspire Dune	30.6	1006.4	0.42
25-09-2017	Sunspire Dune	30.4	1006.4	0.4
26-09-2017	Sunspire Dune	30.2	1006.5	0.38
27-09-2017	Sunspire Dune	30.1	1006.5	0.37
28-09-2017	Sunspire Dune	29.9	1006.5	0.37
29-09-2017	Sunspire Dune	29.7	1006.6	0.37
30-09-2017	Sunspire Dune	29.5	1006.6	0.38
01-10-2017	Sunspire Dune	29.3	1006.6	0.12
02-10-2017	Sunspire Dune	29.2	1006.7	0.12
03-10-2017	Sunspire Dune	29.0	1006.7	0.12
04-10-2017	Sunspire Dune	28.8	1006.7	0.12
05-10-2017	Sunspire Dune	28.6	1006.8	0.12
06-10-2017	Sunspire Dune	28.5	1006.8	0.12
07-10-2017	Sunspire Dune	28.3	1006.9	0.12
08-10-2017	Sunspire Dune	28.1	1006.9	0.12
09-10-2017	Sunspire Dune	27.9	1006.9	0.12
10-10-2017	Sunspire Dune	27.8	1007.0	0.12
11-10-2017	Sunspire Dune	27.6	1007.0	0.11
12-10-2017	Sunspire Dune	27.4	1007.1	0.11
13-10-2017	Sunspire Dune	27.3	1007.1	0.11
14-10-2017	Sunspire Dune	27.1	1007.2	0.11
15-10-2017	Sunspire Dune	26.9	1007.2	0.11
16-10-2017	Sunspire Dune	26.8	1007.3	0.1
17-10-2017	Sunspire Dune	26.6	1007.3	0.1
18-10-2017	Sunspire Dune	26.5	1007.3	0.1
19-10-2017	Sunspire Dune	26.3	1007.4	0.1
20-10-2017	Sunspire Dune	26.1	1007.4	0.09
21-10-2017	Sunspire Dune	26.0	1007.5	0.09
22-10-2017	Sunspire Dune	25.8	1007.5	0.09
23-10-2017	Sunspire Dune	25.7	1007.6	0.09
24-10-2017	Sunspire Dune	25.5	1007.6	0.08
25-10-2017	Sunspire Dune	25.4	1007.7	0.08
26-10-2017	Sunspire Dune	25.2	1007.7	0.08
27-10-2017	Sunspire Dune	25.0	1007.8	0.09
28-10-2017	Sunspire Dune	24.9	1007.8	0.09
29-10-2017	Sunspire Dune	24.7	1007.9	0.09
30-10-2017	Sunspire Dune	24.6	1007.9	0.1
31-10-2017	Sunspire Dune	24.4	1008.0	0.1
01-11-2017	Sunspire Dune	24.3	1008.0	0.1
02-11-2017	Sunspire Dune	24.1	1008.1	0.1
03-11-2017	Sunspire Dune	24.0	1008.1	0.11
04-11-2017	Sunspire Dune	23.8	1008.2	0.11
05-11-2017	Sunspire Dune	23.7	1008.2	0.11
06-11-2017	Sunspire Dune	23.6	1008.3	0.11
07-11-2017	Sunspire Dune	23.4	1008.4	0.11
08-11-2017	Sunspire Dune	23.3	1008.4	0.12
09-11-2017	Sunspire Dune	23.1	1008.5	0.12
10-11-2017	Sunspire Dune	23.0	1008.5	0.12
11-11-2017	Sunspire Dune	22.8	1008.6	0.12
12-11-2017	Sunspire Dune	22.7	1008.6	0.12
13-11-2017	Sunspire Dune	22.6	1008.7	0.12
14-11-2017	Sunspire Dune	22.4	1008.7	0.12
15-11-2017	Sunspire Dune	22.3	1008.8	0.12
16-11-2017	Sunspire Dune	22.2	1008.8	0.12
17-11-2017	Sunspire Dune	22.0	1008.9	0.12
18-11-2017	Sunspire Dune	21.9	1008.9	0.12
19-11-2017	Sunspire Dune	21.8	1009.0	0.12
20-11-2017	Sunspire Dune	21.7	1009.0	0.12
21-11-2017	Sunspire Dune	21.5	1009.1	0.11
22-11-2017	Sunspire Dune	21.4	1009.1	0.11
23-11-2017	Sunspire Dune	21.3	1009.2	0.11
24-11-2017	Sunspire Dune	21.2	1009.2	0.11
25-11-2017	Sunspire Dune	21.1	1009.3	0.11
26-11-2017	Sunspire Dune	21.0	1009.3	0.1
27-11-2017	Sunspire Dune	20.9	1009.4	0.1
28-11-2017	Sunspire Dune	20.8	1009.4	0.1
29-11-2017	Sunspire Dune	20.7	1009.5	0.1
30-11-2017	Sunspire Dune	20.6	1009.5	0.09
01-12-2017	Sunspire Dune	20.5	1009.5	0.09
02-12-2017	Sunspire Dune	20.4	1009.6	0.09
03-12-2017	Sunspire Dune	20.3	1009.6	0.08
04-12-2017	Sunspire Dune	20.2	1009.7	0.08
05-12-2017	Sunspire Dune	20.1	1009.7	0.08
06-12-2017	Sunspire Dune	20.0	1009.8	0.08
07-12-2017	Sunspire Dune	20.0	1009.8	0.09
08-12-2017	Sunspire Dune	19.9	1009.8	0.09
09-12-2017	Sunspire Dune	19.8	1009.9	0.09
10-12-2017	Sunspire Dune	19.8	1009.9	0.1
11-12-2017	Sunspire Dune	19.7	1010.0	0.1
12-12-2017	Sunspire Dune	19.7	1010.0	0.1
13-12-2017	Sunspire Dune	19.6	1010.0	0.1
14-12-2017	Sunspire Dune	19.6	1010.1	0.11
15-12-2017	Sunspire Dune	19.5	1010.1	0.11
16-12-2017	Sunspire Dune	19.5	1010.1	0.11
17-12-2017	Sunspire Dune	19.4	1010.2	0.11
18-12-2017	Sunspire Dune	19.4	1010.2	0.11
19-12-2017	Sunspire Dune	19.4	1010.2	0.12
20-12-2017	Sunspire Dune	19.4	1010.3	0.12
21-12-2017	Sunspire Dune	19.4	1010.3	0.12
22-12-2017	Sunspire Dune	19.3	1010.3	0.12
23-12-2017	Sunspire Dune	19.3	1010.4	0.12
24-12-2017	Sunspire Dune	19.3	1010.4	0.12
25-12-2017	Sunspire Dune	19.3	1010.4	0.12
26-12-2017	Sunspire Dune	19.3	1010.5	0.12
27-12-2017	Sunspire Dune	19.4	1010.5	0.12
28-12-2017	Sunspire Dune	19.4	1010.5	0.12
29-12-2017	Sunspire Dune	19.4	1010.5	0.12
30-12-2017	Sunspire Dune	19.4	1010.5	0.12
31-12-2017	Sunspire Dune	19.5	1010.6	0.12
01-01-2018	Sunspire Dune	19.5	1010.6	0.11
02-01-2018	Sunspire Dune	19.6	1010.6	0.11
03-01-2018	Sunspire Dune	19.6	1010.6	0.11
04-01-2018	Sunspire Dune	19.7	1010.6	0.11
05-01-2018	Sunspire Dune	19.7	1010.7	0.11
06-01-2018	Sunspire Dune	19.8	1010.7	0.1
07-01-2018	Sunspire Dune	19.8	1010.7	0.1
08-01-2018	Sunspire Dune	19.9	1010.7	0.1
09-01-2018	Sunspire Dune	20.0	1010.7	0.1
10-01-2018	Sunspire Dune	20.0	1010.7	0.09
11-01-2018	Sunspire Dune	20.1	1010.7	0.09
12-01-2018	Sunspire Dune	20.2	1010.7	0.09
13-01-2018	Sunspire Dune	20.3	1010.8	0.08
14-01-2018	Sunspire Dune	20.4	1010.8	0.08
15-01-2018	Sunspire Dune	20.5	1010.8	0.08
16-01-2018	Sunspire Dune	20.6	1010.8	0.08
17-01-2018	Sunspire Dune	20.6	1010.8	0.09
18-01-2018	Sunspire Dune	20.7	1010.8	0.09
19-01-2018	Sunspire Dune	20.8	1010.8	0.09
20-01-2018	Sunspire Dune	20.9	1010.8	0.1
21-01-2018	Sunspire Dune	21.1	1010.8	0.1
22-01-2018	Sunspire Dune	21.2	1010.8	0.1
23-01-2018	Sunspire Dune	21.3	1010.8	0.1
24-01-2018	Sunspire Dune	21.4	1010.8	0.11
25-01-2018	Sunspire Dune	21.5	1010.8	0.11
26-01-2018	Sunspire Dune	21.6	1010.8	0.11
27-01-2018	Sunspire Dune	21.7	1010.8	0.11
28-01-2018	Sunspire Dune	21.9	1010.7	0.11
29-01-2018	Sunspire Dune	22.0	1010.7	0.12
30-01-2018	Sunspire Dune	22.1	1010.7	0.12
31-01-2018	Sunspire Dune	22.2	1010.7	0.12
01-02-2018	Sunspire Dune	22.3	1010.7	0.12
02-02-2018	Sunspire Dune	22.5	1010.7	0.12
03-02-2018	Sunspire Dune	22.6	1010.7	0.12
04-02-2018	Sunspire Dune	22.7	1010.7	0.12
05-02-2018	Sunspire Dune	22.8	1010.7	0.12
06-02-2018	Sunspire Dune	23.0	1010.6	0.12
07-02-2018	Sunspire Dune	23.1	1010.6	0.12
08-02-2018	Sunspire Dune	23.2	1010.6	0.12
09-02-2018	Sunspire Dune	23.3	1010.6	0.12
10-02-2018	Sunspire Dune	23.5	1010.6	0.12
11-02-2018	Sunspire Dune	23.6	1010.6	0.11
12-02-2018	Sunspire Dune	23.7	1010.5	0.11
13-02-2018	Sunspire Dune	23.8	1010.5	0.11
14-02-2018	Sunspire Dune	24.0	1010.5	0.11
15-02-2018	Sunspire Dune	24.1	1010.5	0.11
16-02-2018	Sunspire Dune	24.2	1010.4	0.1
17-02-2018	Sunspire Dune	24.3	1010.4	0.1
18-02-2018	Sunspire Dune	24.5	1010.4	0.1
19-02-2018	Sunspire Dune	24.6	1010.4	0.1
20-02-2018	Sunspire Dune	24.7	1010.3	0.09
21-02-2018	Sunspire Dune	24.8	1010.3	0.09
22-02-2018	Sunspire Dune	24.9	1010.3	0.09
23-02-2018	Sunspire Dune	25.0	1010.3	0.08
24-02-2018	Sunspire Dune	25.2	1010.2	0.08
25-02-2018	Sunspire Dune	25.3	1010.2	0.08
26-02-2018	Sunspire Dune	25.4	1010.2	0.09
27-02-2018	Sunspire Dune	25.5	1010.1	0.09
28-02-2018	Sunspire Dune	25.6	1010.1	0.09
01-03-2018	Sunspire Dune	25.7	1010.1	0.09
02-03-2018	Sunspire Dune	25.8	1010.1	0.1
03-03-2018	Sunspire Dune	25.9	1010.0	0.1
04-03-2018	Sunspire Dune	26.0	1010.0	0.1
05-03-2018	Sunspire Dune	26.1	1010.0	0.1
06-03-2018	Sunspire Dune	26.2	1009.9	0.11
07-03-2018	Sunspire Dune	26.3	1009.9	0.11
08-03-2018	Sunspire Dune	26.5	1009.9	0.11
09-03-2018	Sunspire Dune	26.6	1009.8	0.11
10-03-2018	Sunspire Dune	26.7	1009.8	0.11
11-03-2018	Sunspire Dune	26.8	1009.8	0.12
12-03-2018	Sunspire Dune	26.9	1009.7	0.12
13-03-2018	Sunspire Dune	27.0	1009.7	0.12
14-03-2018	Sunspire Dune	27.1	1009.7	0.12
15-03-2018	Sunspire Dune	27.2	1009.6	0.12
16-03-2018	Sunspire Dune	27.3	1009.6	0.12
17-03-2018	Sunspire Dune	27.4	1009.6	0.12
18-03-2018	Sunspire Dune	27.5	1009.5	0.12
19-03-2018	Sunspire Dune	27.6	1009.5	0.12
20-03-2018	Sunspire Dune	27.7	1009.4	0.12
21-03-2018	Sunspire Dune	27.8	1009.4	0.12
22-03-2018	Sunspire Dune	27.9	1009.4	0.12
23-03-2018	Sunspire Dune	28.0	1009.3	0.12
24-03-2018	Sunspire Dune	28.1	1009.3	0.11
25-03-2018	Sunspire Dune	28.2	1009.3	0.11
26-03-2018	Sunspire Dune	28.3	1009.2	0.11
27-03-2018	Sunspire Dune	28.4	1009.2	0.11
28-03-2018	Sunspire Dune	28.5	1009.2	0.11
29-03-2018	Sunspire Dune	28.6	1009.1	0.1
30-03-2018	Sunspire Dune	28.7	1009.1	0.1
31-03-2018	Sunspire Dune	28.8	1009.0	0.1
01-04-2018	Sunspire Dune	28.9	1009.0	0.1
02-04-2018	Sunspire Dune	29.1	1009.0	0.09
03-04-2018	Sunspire Dune	29.2	1008.9	0.09
04-04-2018	Sunspire Dune	29.3	1008.9	0.09
05-04-2018	Sunspire Dune	29.4	1008.9	0.08
06-04-2018	Sunspire Dune	29.5	1008.8	0.08
07-04-2018	Sunspire Dune	29.6	1008.8	0.08
08-04-2018	Sunspire Dune	29.8	1008.7	0.09
09-04-2018	Sunspire Dune	29.9	1008.7	0.09
10-04-2018	Sunspire Dune	30.0	1008.7	0.09
11-04-2018	Sunspire Dune	30.1	1008.6	0.09
12-04-2018	Sunspire Dune	30.3	1008.6	0.1
13-04-2018	Sunspire Dune	30.4	1008.6	0.1
14-04-2018	Sunspire Dune	30.5	1008.5	0.1
15-04-2018	Sunspire Dune	30.7	1008.5	0.11
16-04-2018	Sunspire Dune	30.8	1008.5	0.11
17-04-2018	Sunspire Dune	30.9	1008.4	0.11
18-04-2018	Sunspire Dune	31.1	1008.4	0.11
19-04-2018	Sunspire Dune	31.2	1008.4	0.11
20-04-2018	Sunspire Dune	31.4	1008.3	0.12
21-04-2018	Sunspire Dune	31.5	1008.3	0.12
22-04-2018	Sunspire Dune	31.7	1008.3	0.12
23-04-2018	Sunspire Dune	31.8	1008.2	0.12
24-04-2018	Sunspire Dune	32.0	1008.2	0.12
25-04-2018	Sunspire Dune	32.1	1008.2	0.12
26-04-2018	Sunspire Dune	32.3	1008.1	0.12
27-04-2018	Sunspire Dune	32.4	1008.1	0.12
28-04-2018	Sunspire Dune	32.6	1008.1	0.12
29-04-2018	Sunspire Dune	32.7	1008.0	0.12
30-04-2018	Sunspire Dune	32.9	1008.0	0.12
01-05-2018	Sunspire Dune	33.0	1008.0	0.12
02-05-2018	Sunspire Dune	33.2	1007.9	0.12
03-05-2018	Sunspire Dune	33.4	1007.9	0.12
04-05-2018	Sunspire Dune	33.5	1007.9	0.11
05-05-2018	Sunspire Dune	33.7	1007.9	0.11
06-05-2018	Sunspire Dune	33.9	1007.8	0.11
07-05-2018	Sunspire Dune	34.0	1007.8	0.11
08-05-2018	Sunspire Dune	34.2	1007.8	0.11
09-05-2018	Sunspire Dune	34.3	1007.7	0.1
10-05-2018	Sunspire Dune	34.5	1007.7	0.1
11-05-2018	Sunspire Dune	34.7	1007.7	0.1
12-05-2018	Sunspire Dune	34.8	1007.7	0.09
13-05-2018	Sunspire Dune	35.0	1007.6	0.09
14-05-2018	Sunspire Dune	35.1	1007.6	0.09
15-05-2018	Sunspire Dune	35.3	1007.6	0.09
16-05-2018	Sunspire Dune	35.5	1007.5	0.08
17-05-2018	Sunspire Dune	35.6	1007.5	0.08
18-05-2018	Sunspire Dune	35.8	1007.5	0.08
19-05-2018	Sunspire Dune	35.9	1007.5	0.09
20-05-2018	Sunspire Dune	36.1	1007.4	0.09
21-05-2018	Sunspire Dune	36.2	1007.4	0.09
22-05-2018	Sunspire Dune	36.4	1007.4	0.1
23-05-2018	Sunspire Dune	36.5	1007.4	0.1
24-05-2018	Sunspire Dune	36.7	1007.3	0.1
25-05-2018	Sunspire Dune	36.8	1007.3	0.1
26-05-2018	Sunspire Dune	36.9	1007.3	0.11
27-05-2018	Sunspire Dune	37.1	1007.3	0.11
28-05-2018	Sunspire Dune	37.2	1007.3	0.11
29-05-2018	Sunspire Dune	37.3	1007.2	0.11
30-05-2018	Sunspire Dune	37.5	1007.2	0.11
31-05-2018	Sunspire Dune	37.6	1007.2	0.12
01-06-2018	Sunspire Dune	37.7	1007.2	0.12
02-06-2018	Sunspire Dune	37.8	1007.1	0.12
03-06-2018	Sunspire Dune	37.9	1007.1	0.12
04-06-2018	Sunspire Dune	38.1	1007.1	0.12
05-06-2018	Sunspire Dune	38.2	1007.1	0.12
06-06-2018	Sunspire Dune	38.3	1007.1	0.12
07-06-2018	Sunspire Dune	38.4	1007.0	0.12
08-06-2018	Sunspire Dune	38.5	1007.0	0.12
09-06-2018	Sunspire Dune	38.6	1007.0	0.12
10-06-2018	Sunspire Dune	38.7	1007.0	0.12
11-06-2018	Sunspire Dune	38.7	1007.0	0.12
12-06-2018	Sunspire Dune	38.8	1006.9	0.12
13-06-2018	Sunspire Dune	38.9	1006.9	0.11
14-06-2018	Sunspire Dune	39.0	1006.9	0.11
15-06-2018	Sunspire Dune	39.1	1006.9	0.11
16-06-2018	Sunspire Dune	39.1	1006.9	0.11
17-06-2018	Sunspire Dune	39.2	1006.8	0.11
18-06-2018	Sunspire Dune	39.2	1006.8	0.1
19-06-2018	Sunspire Dune	39.3	1006.8	0.1
20-06-2018	Sunspire Dune	39.4	1006.8	0.1
21-06-2018	Sunspire Dune	39.4	1006.8	0.1
22-06-2018	Sunspire Dune	39.5	1006.8	0.09
23-06-2018	Sunspire Dune	39.5	1006.7	0.09
24-06-2018	Sunspire Dune	39.5	1006.7	0.09
25-06-2018	Sunspire Dune	39.6	1006.7	0.09
26-06-2018	Sunspire Dune	39.6	1006.7	0.08
27-06-2018	Sunspire Dune	39.6	1006.7	0.08
28-06-2018	Sunspire Dune	39.6	1006.7	0.08
29-06-2018	Sunspire Dune	39.7	1006.6	0.09
30-06-2018	Sunspire Dune	39.7	1006.6	0.09
01-07-2018	Sunspire Dune	39.7	1006.6	0.5
02-07-2018	Sunspire Dune	39.7	1006.6	0.46
03-07-2018	Sunspire Dune	39.7	1006.6	0.43
04-07-2018	Sunspire Dune	39.7	1006.6	0.4
05-07-2018	Sunspire Dune	39.7	1006.5	0.38
06-07-2018	Sunspire Dune	39.7	1006.5	0.37
07-07-2018	Sunspire Dune	39.7	1006.5	0.36
08-07-2018	Sunspire Dune	39.7	1006.5	0.36
09-07-2018	Sunspire Dune	39.7	1006.5	0.37
10-07-2018	Sunspire Dune	39.6	1006.5	0.38
11-07-2018	Sunspire Dune	39.6	1006.5	0.41
12-07-2018	Sunspire Dune	39.6	1006.4	0.43
13-07-2018	Sunspire Dune	39.6	1006.4	0.47
14-07-2018	Sunspire Dune	39.6	1006.4	0.51
15-07-2018	Sunspire Dune	39.5	1006.4	0.55
16-07-2018	Sunspire Dune	39.5	1006.4	0.59
17-07-2018	Sunspire Dune	39.5	1006.4	0.62
18-07-2018	Sunspire Dune	39.4	1006.4	0.66
19-07-2018	Sunspire Dune	39.4	1006.4	0.7
20-07-2018	Sunspire Dune	39.3	1006.4	0.72
21-07-2018	Sunspire Dune	39.3	1006.3	0.74
22-07-2018	Sunspire Dune	39.2	1006.3	0.76
23-07-2018	Sunspire Dune	39.2	1006.3	0.77
24-07-2018	Sunspire Dune	39.1	1006.3	0.76
25-07-2018	Sunspire Dune	39.1	1006.3	0.75
26-07-2018	Sunspire Dune	39.0	1006.3	0.74
27-07-2018	Sunspire Dune	39.0	1006.3	0.71
28-07-2018	Sunspire Dune	38.9	1006.3	0.68
29-07-2018	Sunspire Dune	38.8	1006.3	0.64
30-07-2018	Sunspire Dune	38.8	1006.3	0.6
31-07-2018	Sunspire Dune	38.7	1006.2	0.56
01-08-2018	Sunspire Dune	38.7	1006.2	0.52
02-08-2018	Sunspire Dune	38.6	1006.2	0.48
03-08-2018	Sunspire Dune	38.5	1006.2	0.44
04-08-2018	Sunspire Dune	38.4	1006.2	0.4
05-08-2018	Sunspire Dune	38.4	1006.2	0.37
06-08-2018	Sunspire Dune	38.3	1006.2	0.35
07-08-2018	Sunspire Dune	38.2	1006.2	0.34
08-08-2018	Sunspire Dune	38.1	1006.2	0.33
09-08-2018	Sunspire Dune	38.0	1006.2	0.34
10-08-2018	Sunspire Dune	38.0	1006.2	0.35
11-08-2018	Sunspire Dune	37.9	1006.2	0.37
12-08-2018	Sunspire Dune	37.8	1006.2	0.4
13-08-2018	Sunspire Dune	37.7	1006.2	0.44
14-08-2018	Sunspire Dune	37.6	1006.2	0.47
15-08-2018	Sunspire Dune	37.5	1006.2	0.51
16-08-2018	Sunspire Dune	37.4	1006.2	0.56
17-08-2018	Sunspire Dune	37.3	sensor	0.6
18-08-2018	Sunspire Dune	37.2	1006.2	0.64
19-08-2018	Sunspire Dune	37.1	1006.2	0.67
20-08-2018	Sunspire Dune	37.0	1006.2	0.71
21-08-2018	Sunspire Dune	36.9	1006.2	0.73
22-08-2018	Sunspire Dune	36.8	1006.2	0.75
23-08-2018	Sunspire Dune	36.7	1006.2	0.77
24-08-2018	Sunspire Dune	36.5	1006.2	0.77
25-08-2018	Sunspire Dune	36.4	1006.2	0.76
26-08-2018	Sunspire Dune	36.3	1006.2	0.75
27-08-2018	Sunspire Dune	36.2	1006.2	0.73
28-08-2018	Sunspire Dune	36.0	1006.2	0.71
29-08-2018	Sunspire Dune	35.9	1006.2	0.67
30-08-2018	Sunspire Dune	35.8	1006.2	0.64
31-08-2018	Sunspire Dune	35.7	1006.2	0.6
01-09-2018	Sunspire Dune	35.5	1006.2	0.56
02-09-2018	Sunspire Dune	35.4	1006.2	0.52
03-09-2018	Sunspire Dune	35.2	1006.2	0.48
04-09-2018	Sunspire Dune	35.1	1006.2	0.44
05-09-2018	Sunspire Dune	34.9	1006.2	0.41
06-09-2018	Sunspire Dune	34.8	1006.2	0.38
07-09-2018	Sunspire Dune	34.6	1006.2	0.37
08-09-2018	Sunspire Dune	34.5	1006.3	0.36
09-09-2018	Sunspire Dune	34.3	1006.3	0.35
10-09-2018	Sunspire Dune	34.1	1006.3	0.36
11-09-2018	Sunspire Dune	34.0	1006.3	0.37
12-09-2018	Sunspire Dune	33.8	1006.3	0.39
13-09-2018	Sunspire Dune	33.6	1006.3	0.41
14-09-2018	Sunspire Dune	33.4	1006.3	0.44
15-09-2018	Sunspire Dune	33.3	1006.3	0.48
16-09-2018	Sunspire Dune	33.1	1006.4	0.51
17-09-2018	Sunspire Dune	32.9	1006.4	0.55
18-09-2018	Sunspire Dune	32.7	1006.4	0.6
19-09-2018	Sunspire Dune	32.5	1006.4	0.64
20-09-2018	Sunspire Dune	32.3	1006.4	0.67
21-09-2018	Sunspire Dune	32.1	1006.5	0.7
22-09-2018	Sunspire Dune	31.9	1006.5	0.73
23-09-2018	Sunspire Dune	31.7	1006.5	0.74
24-09-2018	Sunspire Dune	31.5	1006.5	0.75
25-09-2018	Sunspire Dune	31.3	1006.5	0.75
26-09-2018	Sunspire Dune	31.1	1006.6	0.75
27-09-2018	Sunspire Dune	30.9	1006.6	0.73
28-09-2018	Sunspire Dune	30.7	1006.6	0.71
29-09-2018	Sunspire Dune	30.5	1006.6	0.68
30-09-2018	Sunspire Dune	30.3	1006.7	0.65
01-10-2018	Sunspire Dune	30.1	1006.7	0.12
02-10-2018	Sunspire Dune	29.8	1006.7	0.12
03-10-2018	Sunspire Dune	29.6	1006.7	0.12
04-10-2018	Sunspire Dune	29.4	1006.8	0.12
05-10-2018	Sunspire Dune	29.2	1006.8	0.12
06-10-2018	Sunspire Dune	29.0	1006.8	0.12
07-10-2018	Sunspire Dune	28.7	1006.9	0.12
08-10-2018	Sunspire Dune	28.5	1006.9	0.12
09-10-2018	Sunspire Dune	28.3	1006.9	0.12
10-10-2018	Sunspire Dune	28.1	1007.0	0.12
11-10-2018	Sunspire Dune	27.9	1007.0	0.12
12-10-2018	Sunspire Dune	27.6	1007.0	0.12
13-10-2018	Sunspire Dune	27.4	1007.1	0.12
14-10-2018	Sunspire Dune	27.2	1007.1	0.11
15-10-2018	Sunspire Dune	27.0	1007.1	0.11
16-10-2018	Sunspire Dune	26.8	1007.2	0.11
17-10-2018	Sunspire Dune	26.5	1007.2	0.11
18-10-2018	Sunspire Dune	26.3	1007.2	0.11
19-10-2018	Sunspire Dune	26.1	1007.3	0.1
20-10-2018	Sunspire Dune	25.9	1007.3	0.1
21-10-2018	Sunspire Dune	25.7	1007.4	0.1
22-10-2018	Sunspire Dune	25.5	1007.4	0.1
23-10-2018	Sunspire Dune	25.3	1007.4	0.09
24-10-2018	Sunspire Dune	25.1	1007.5	0.09
25-10-2018	Sunspire Dune	24.8	1007.5	0.09
26-10-2018	Sunspire Dune	24.6	1007.6	0.08
27-10-2018	Sunspire Dune	24.5	1007.6	0.08
28-10-2018	Sunspire Dune	24.3	1007.6	0.08
29-10-2018	Sunspire Dune	24.1	1007.7	0.09
30-10-2018	Sunspire Dune	23.9	1007.7	0.09
31-10-2018	Sunspire Dune	23.7	1007.8	0.09
01-11-2018	Sunspire Dune	23.5	1007.8	0.09
02-11-2018	Sunspire Dune	23.3	1007.9	0.1
03-11-2018	Sunspire Dune	23.2	1007.9	0.1
04-11-2018	Sunspire Dune	23.0	1008.0	0.1
05-11-2018	Sunspire Dune	22.8	1008.0	0.1
06-11-2018	Sunspire Dune	22.7	1008.0	0.11
07-11-2018	Sunspire Dune	22.5	1008.1	0.11
08-11-2018	Sunspire Dune	22.4	1008.1	0.11
09-11-2018	Sunspire Dune	22.2	1008.2	0.11
10-11-2018	Sunspire Dune	22.1	1008.2	0.11
11-11-2018	Sunspire Dune	21.9	1008.3	0.12
12-11-2018	Sunspire Dune	21.8	1008.3	0.12
13-11-2018	Sunspire Dune	21.7	1008.4	0.12
14-11-2018	Sunspire Dune	21.5	1008.4	0.12
15-11-2018	Sunspire Dune	21.4	1008.5	0.12
16-11-2018	Sunspire Dune	21.3	1008.5	0.12
17-11-2018	Sunspire Dune	21.2	1008.6	0.12
18-11-2018	Sunspire Dune	21.1	1008.6	0.12
19-11-2018	Sunspire Dune	21.0	1008.7	0.12
20-11-2018	Sunspire Dune	20.9	1008.7	0.12
21-11-2018	Sunspire Dune	20.8	1008.8	0.12
22-11-2018	Sunspire Dune	20.7	1008.8	0.12
23-11-2018	Sunspire Dune	20.6	1008.9	0.12
24-11-2018	Sunspire Dune	20.6	1008.9	0.11
25-11-2018	Sunspire Dune	20.5	1009.0	0.11
26-11-2018	Sunspire Dune	20.4	1009.0	0.11
27-11-2018	Sunspire Dune	20.4	1009.1	0.11
28-11-2018	Sunspire Dune	20.3	1009.1	0.11
29-11-2018	Sunspire Dune	20.3	1009.1	0.1
30-11-2018	Sunspire Dune	20.2	1009.2	0.1
01-12-2018	Sunspire Dune	20.2	1009.2	0.1
02-12-2018	Sunspire Dune	20.1	1009.3	0.1
03-12-2018	Sunspire Dune	20.1	1009.3	0.09
04-12-2018	Sunspire Dune	20.1	1009.4	0.09
05-12-2018	Sunspire Dune	20.0	1009.4	0.09
06-12-2018	Sunspire Dune	20.0	1009.5	0.08
07-12-2018	Sunspire Dune	20.0	1009.5	0.08
08-12-2018	Sunspire Dune	20.0	1009.6	0.08
09-12-2018	Sunspire Dune	20.0	1009.6	0.09
10-12-2018	Sunspire Dune	20.0	1009.7	0.09
11-12-2018	Sunspire Dune	20.0	1009.7	0.09
12-12-2018	Sunspire Dune	20.0	1009.7	0.09
13-12-2018	Sunspire Dune	20.0	1009.8	0.1
14-12-2018	Sunspire Dune	20.0	1009.8	0.1
15-12-2018	Sunspire Dune	20.0	1009.9	0.1
16-12-2018	Sunspire Dune	20.0	1009.9	0.11
17-12-2018	Sunspire Dune	20.0	1010.0	0.11
18-12-2018	Sunspire Dune	20.0	1010.0	0.11
19-12-2018	Sunspire Dune	20.1	1010.0	0.11
20-12-2018	Sunspire Dune	20.1	1010.1	0.11
21-12-2018	Sunspire Dune	20.1	1010.1	0.12
22-12-2018	Sunspire Dune	20.1	1010.1	0.12
23-12-2018	Sunspire Dune	20.2	1010.2	0.12
24-12-2018	Sunspire Dune	20.2	1010.2	0.12
25-12-2018	Sunspire Dune	20.2	1010.3	0.12
26-12-2018	Sunspire Dune	20.3	1010.3	0.12
27-12-2018	Sunspire Dune	20.3	1010.3	0.12
28-12-2018	Sunspire Dune	20.3	1010.4	0.12
29-12-2018	Sunspire Dune	20.4	1010.4	0.12
30-12-2018	Sunspire Dune	20.4	1010.4	0.12
31-12-2018	Sunspire Dune	20.5	1010.4	0.12
01-01-2019	Sunspire Dune	20.5	1010.5	0.12
02-01-2019	Sunspire Dune	20.6	1010.5	0.12
03-01-2019	Sunspire Dune	20.6	1010.5	0.12
04-01-2019	Sunspire Dune	20.7	1010.6	0.11
05-01-2019	Sunspire Dune	20.7	1010.6	0.11
06-01-2019	Sunspire Dune	20.8	1010.6	0.11
07-01-2019	Sunspire Dune	20.8	1010.6	0.11
08-01-2019	Sunspire Dune	20.9	1010.7	0.11
09-01-2019	Sunspire Dune	20.9	1010.7	0.1
10-01-2019	Sunspire Dune	21.0	1010.7	0.1
11-01-2019	Sunspire Dune	21.0	1010.7	0.1
12-01-2019	Sunspire Dune	21.1	1010.7	0.09
13-01-2019	Sunspire Dune	21.1	1010.8	0.09
14-01-2019	Sunspire Dune	21.2	1010.8	0.09
15-01-2019	Sunspire Dune	21.3	1010.8	0.09
16-01-2019	Sunspire Dune	21.3	1010.8	0.08
17-01-2019	Sunspire Dune	21.4	1010.8	0.08
18-01-2019	Sunspire Dune	21.4	1010.8	0.08
19-01-2019	Sunspire Dune	21.5	1010.8	0.09
20-01-2019	Sunspire Dune	21.5	1010.9	0.09
21-01-2019	Sunspire Dune	21.6	1010.9	0.09
22-01-2019	Sunspire Dune	21.6	1010.9	0.1
23-01-2019	Sunspire Dune	21.7	1010.9	0.1
24-01-2019	Sunspire Dune	21.8	1010.9	0.1
25-01-2019	Sunspire Dune	21.8	1010.9	0.1
26-01-2019	Sunspire Dune	21.9	1010.9	0.11
27-01-2019	Sunspire Dune	21.9	1010.9	0.11
28-01-2019	Sunspire Dune	22.0	1010.9	0.11
29-01-2019	Sunspire Dune	22.1	1010.9	0.11
30-01-2019	Sunspire Dune	22.1	1010.9	0.11
31-01-2019	Sunspire Dune	22.2	1010.9	0.12
01-02-2019	Sunspire Dune	22.3	1010.9	0.12
02-02-2019	Sunspire Dune	22.3	1010.9	0.12
03-02-2019	Sunspire Dune	22.4	1010.9	0.12
04-02-2019	Sunspire Dune	22.5	1010.9	0.12
05-02-2019	Sunspire Dune	22.5	1010.9	0.12
06-02-2019	Sunspire Dune	22.6	1010.9	0.12
07-02-2019	Sunspire Dune	22.7	1010.8	0.12
08-02-2019	Sunspire Dune	22.8	1010.8	0.12
09-02-2019	Sunspire Dune	22.8	1010.8	0.12
10-02-2019	Sunspire Dune	22.9	1010.8	0.12
11-02-2019	Sunspire Dune	23.0	1010.8	0.12
12-02-2019	Sunspire Dune	23.1	1010.8	0.12
13-02-2019	Sunspire Dune	23.2	1010.8	0.11
14-02-2019	Sunspire Dune	23.2	1010.8	0.11
15-02-2019	Sunspire Dune	23.3	1010.7	0.11
16-02-2019	Sunspire Dune	23.4	1010.7	0.11
17-02-2019	Sunspire Dune	23.5	1010.7	0.11
18-02-2019	Sunspire Dune	23.6	1010.7	0.11
19-02-2019	Sunspire Dune	23.7	1010.7	0.1
20-02-2019	Sunspire Dune	23.8	1010.6	0.1
21-02-2019	Sunspire Dune	23.9	1010.6	0.1
22-02-2019	Sunspire Dune	24.0	1010.6	0.09
23-02-2019	Sunspire Dune	24.1	1010.6	0.09
24-02-2019	Sunspire Dune	24.2	1010.5	0.09
25-02-2019	Sunspire Dune	24.3	1010.5	0.09
26-02-2019	Sunspire Dune	24.4	1010.5	0.08
27-02-2019	Sunspire Dune	24.6	1010.5	0.08
28-02-2019	Sunspire Dune	24.7	1010.4	0.08
01-03-2019	Sunspire Dune	24.8	1010.4	0.09
02-03-2019	Sunspire Dune	24.9	1010.4	0.09
03-03-2019	Sunspire Dune	25.0	1010.3	0.09
04-03-2019	Sunspire Dune	25.2	1010.3	0.1
05-03-2019	Sunspire Dune	25.3	1010.3	0.1
06-03-2019	Sunspire Dune	25.4	1010.2	0.1
07-03-2019	Sunspire Dune	25.6	1010.2	0.1
08-03-2019	Sunspire Dune	25.7	1010.2	0.11
09-03-2019	Sunspire Dune	25.8	1010.1	0.11
10-03-2019	Sunspire Dune	26.0	1010.1	0.11
11-03-2019	Sunspire Dune	26.1	1010.1	0.11
12-03-2019	Sunspire Dune	26.2	1010.0	0.11
13-03-2019	Sunspire Dune	26.4	1010.0	0.12
14-03-2019	Sunspire Dune	26.5	1009.9	0.12
15-03-2019	Sunspire Dune	26.7	1009.9	0.12
16-03-2019	Sunspire Dune	26.8	1009.9	0.12
17-03-2019	Sunspire Dune	27.0	1009.8	0.12
18-03-2019	Sunspire Dune	27.1	1009.8	0.12
19-03-2019	Sunspire Dune	27.3	1009.7	0.12
20-03-2019	Sunspire Dune	27.5	1009.7	0.12
21-03-2019	Sunspire Dune	27.6	1009.7	0.12
22-03-2019	Sunspire Dune	27.8	1009.6	0.12
23-03-2019	Sunspire Dune	27.9	1009.6	0.12
24-03-2019	Sunspire Dune	28.1	1009.5	0.12
25-03-2019	Sunspire Dune	28.2	1009.5	0.12
26-03-2019	Sunspire Dune	28.4	1009.4	0.11
27-03-2019	Sunspire Dune	28.6	1009.4	0.11
28-03-2019	Sunspire Dune	28.7	1009.4	0.11
29-03-2019	Sunspire Dune	28.9	1009.3	0.11
30-03-2019	Sunspire Dune	29.1	1009.3	0.11
31-03-2019	Sunspire Dune	29.2	1009.2	0.1
01-04-2019	Sunspire Dune	29.4	1009.2	0.1
02-04-2019	Sunspire Dune	29.6	1009.1	0.1
03-04-2019	Sunspire Dune	29.7	1009.1	0.1
04-04-2019	Sunspire Dune	29.9	1009.0	0.09
05-04-2019	Sunspire Dune	30.0	1009.0	0.09
06-04-2019	Sunspire Dune	30.2	1009.0	0.09
07-04-2019	Sunspire Dune	30.4	1008.9	0.09
08-04-2019	Sunspire Dune	30.5	1008.9	0.08
09-04-2019	Sunspire Dune	30.7	1008.8	0.08
10-04-2019	Sunspire Dune	30.8	1008.8	0.08
11-04-2019	Sunspire Dune	31.0	1008.7	0.09
12-04-2019	Sunspire Dune	31.2	1008.7	0.09
13-04-2019	Sunspire Dune	31.3	1008.6	0.09
14-04-2019	Sunspire Dune	31.5	1008.6	0.1
15-04-2019	Sunspire Dune	31.6	1008.6	0.1
16-04-2019	Sunspire Dune	31.8	1008.5	0.1
17-04-2019	Sunspire Dune	31.9	1008.5	0.1
18-04-2019	Sunspire Dune	32.1	1008.4	0.11
19-04-2019	Sunspire Dune	32.2	1008.4	0.11
20-04-2019	Sunspire Dune	32.4	1008.3	0.11
21-04-2019	Sunspire Dune	32.5	1008.3	0.11
22-04-2019	Sunspire Dune	32.7	1008.2	0.11
23-04-2019	Sunspire Dune	32.8	1008.2	0.12
24-04-2019	Sunspire Dune	32.9	1008.2	0.12
25-04-2019	Sunspire Dune	33.1	1008.1	0.12
26-04-2019	Sunspire Dune	33.2	1008.1	0.12
27-04-2019	Sunspire Dune	33.3	1008.0	0.12
28-04-2019	Sunspire Dune	33.5	1008.0	0.12
29-04-2019	Sunspire Dune	33.6	1008.0	0.12
30-04-2019	Sunspire Dune	33.7	1007.9	0.12
01-05-2019	Sunspire Dune	33.9	1007.9	0.12
02-05-2019	Sunspire Dune	34.0	1007.8	0.12
03-05-2019	Sunspire Dune	34.1	1007.8	0.12
04-05-2019	Sunspire Dune	34.2	1007.8	0.12
05-05-2019	Sunspire Dune	34.3	1007.7	0.12
06-05-2019	Sunspire Dune	34.5	1007.7	0.11
07-05-2019	Sunspire Dune	34.6	1007.6	0.11
08-05-2019	Sunspire Dune	34.7	1007.6	0.11
09-05-2019	Sunspire Dune	34.8	1007.6	0.11
10-05-2019	Sunspire Dune	34.9	1007.5	0.11
11-05-2019	Sunspire Dune	35.0	1007.5	0.1
12-05-2019	Sunspire Dune	35.1	1007.5	0.1
13-05-2019	Sunspire Dune	35.2	1007.4	0.1
14-05-2019	Sunspire Dune	35.3	1007.4	0.1
15-05-2019	Sunspire Dune	35.4	1007.4	0.09
16-05-2019	Sunspire Dune	35.5	1007.3	0.09
17-05-2019	Sunspire Dune	35.6	1007.3	0.09
18-05-2019	Sunspire Dune	35.7	1007.3	0.08
19-05-2019	Sunspire Dune	35.8	1007.2	0.08
20-05-2019	Sunspire Dune	35.9	1007.2	0.08
21-05-2019	Sunspire Dune	36.0	1007.2	0.08
22-05-2019	Sunspire Dune	36.1	1007.1	0.09
23-05-2019	Sunspire Dune	36.2	1007.1	0.09
24-05-2019	Sunspire Dune	36.3	1007.1	0.09
25-05-2019	Sunspire Dune	36.4	1007.0	0.1
26-05-2019	Sunspire Dune	36.5	1007.0	0.1
27-05-2019	Sunspire Dune	36.6	1007.0	0.1
28-05-2019	Sunspire Dune	36.7	1007.0	0.1
29-05-2019	Sunspire Dune	36.7	1006.9	0.11
30-05-2019	Sunspire Dune	36.8	1006.9	0.11
31-05-2019	Sunspire Dune	36.9	1006.9	0.11
01-06-2019	Sunspire Dune	37.0	1006.9	0.11
02-06-2019	Sunspire Dune	37.1	1006.8	0.11
03-06-2019	Sunspire Dune	37.2	1006.8	0.12
04-06-2019	Sunspire Dune	37.3	1006.8	0.12
05-06-2019	Sunspire Dune	37.3	1006.8	0.12
06-06-2019	Sunspire Dune	37.4	1006.7	0.12
07-06-2019	Sunspire Dune	37.5	1006.7	0.12
08-06-2019	Sunspire Dune	37.6	1006.7	0.12
09-06-2019	Sunspire Dune	37.7	1006.7	0.12
10-06-2019	Sunspire Dune	37.8	1006.7	0.12
11-06-2019	Sunspire Dune	37.8	1006.6	0.12
12-06-2019	Sunspire Dune	37.9	1006.6	0.12
13-06-2019	Sunspire Dune	38.0	1006.6	0.12
14-06-2019	Sunspire Dune	38.1	1006.6	0.12
15-06-2019	Sunspire Dune	38.2	1006.6	0.12
16-06-2019	Sunspire Dune	38.2	1006.6	0.11
17-06-2019	Sunspire Dune	38.3	1006.5	0.11
18-06-2019	Sunspire Dune	38.4	1006.5	0.11
19-06-2019	Sunspire Dune	38.5	1006.5	0.11
20-06-2019	Sunspire Dune	38.5	1006.5	0.11
21-06-2019	Sunspire Dune	38.6	1006.5	0.1
22-06-2019	Sunspire Dune	38.7	1006.5	0.1
23-06-2019	Sunspire Dune	38.8	1006.5	0.1
24-06-2019	Sunspire Dune	38.8	1006.5	0.1
25-06-2019	Sunspire Dune	38.9	1006.4	0.09
26-06-2019	Sunspire Dune	39.0	1006.4	0.09
27-06-2019	Sunspire Dune	39.1	1006.4	0.09
28-06-2019	Sunspire Dune	39.1	1006.4	0.08
29-06-2019	Sunspire Dune	39.2	1006.4	0.08
30-06-2019	Sunspire Dune	39.2	1006.4	0.08
01-07-2019	Sunspire Dune	39.3	1006.4	0.7
02-07-2019	Sunspire Dune	39.4	1006.4	0.72
03-07-2019	Sunspire Dune	39.4	1006.4	0.74
04-07-2019	Sunspire Dune	39.5	1006.4	0.74
05-07-2019	Sunspire Dune	39.5	1006.4	0.74
06-07-2019	Sunspire Dune	39.6	1006.3	0.73
07-07-2019	Sunspire Dune	39.6	1006.3	0.72
08-07-2019	Sunspire Dune	39.7	1006.3	0.7
09-07-2019	Sunspire Dune	39.7	1006.3	0.67
10-07-2019	Sunspire Dune	39.8	1006.3	0.63
11-07-2019	Sunspire Dune	39.8	1006.3	0.6
12-07-2019	Sunspire Dune	39.8	1006.3	0.56
13-07-2019	Sunspire Dune	39.9	1006.3	0.52
14-07-2019	Sunspire Dune	39.9	1006.3	0.48
15-07-2019	Sunspire Dune	39.9	1006.3	0.45
16-07-2019	Sunspire Dune	39.9	1006.3	0.42
17-07-2019	Sunspire Dune	39.9	1006.3	0.4
18-07-2019	Sunspire Dune	40.0	1006.3	0.38
19-07-2019	Sunspire Dune	40.0	1006.3	0.37
20-07-2019	Sunspire Dune	40.0	1006.3	0.37
21-07-2019	Sunspire Dune	40.0	1006.3	0.38
22-07-2019	Sunspire Dune	40.0	1006.3	0.39
23-07-2019	Sunspire Dune	39.9	1006.3	0.41
24-07-2019	Sunspire Dune	39.9	1006.3	0.44
25-07-2019	Sunspire Dune	39.9	1006.3	0.47
26-07-2019	Sunspire Dune	39.9	1006.3	0.5
27-07-2019	Sunspire Dune	39.9	1006.3	0.54
28-07-2019	Sunspire Dune	39.8	1006.3	0.58
29-07-2019	Sunspire Dune	39.8	1006.3	0.62
30-07-2019	Sunspire Dune	39.7	1006.3	0.65
31-07-2019	Sunspire Dune	39.7	1006.3	0.68
01-08-2019	Sunspire Dune	39.6	1006.3	1.51
02-08-2019	Sunspire Dune	39.6	1006.3	1.53
03-08-2019	Sunspire Dune	39.5	1006.3	1.54
04-08-2019	Sunspire Dune	39.4	1006.3	1.54
05-08-2019	Sunspire Dune	39.4	1006.3	1.54
06-08-2019	Sunspire Dune	39.3	1006.3	1.53
07-08-2019	Sunspire Dune	39.2	1006.3	1.51
08-08-2019	Sunspire Dune	39.1	1006.3	1.49
09-08-2019	Sunspire Dune	39.0	1006.3	1.45
10-08-2019	Sunspire Dune	38.9	1006.3	1.42
11-08-2019	Sunspire Dune	38.8	1006.3	1.39
12-08-2019	Sunspire Dune	38.7	1006.3	1.35
13-08-2019	Sunspire Dune	38.6	1006.3	1.31
14-08-2019	Sunspire Dune	38.5	1006.3	1.28
15-08-2019	Sunspire Dune	38.3	1006.3	1.24
16-08-2019	Sunspire Dune	38.2	1006.4	1.22
17-08-2019	Sunspire Dune	38.1	1006.4	1.19
18-08-2019	Sunspire Dune	37.9	1006.4	1.17
19-08-2019	Sunspire Dune	37.8	1006.4	1.16
20-08-2019	Sunspire Dune	37.6	1006.4	1.16
21-08-2019	Sunspire Dune	37.5	1006.4	0.36
22-08-2019	Sunspire Dune	37.3	1006.4	0.38
23-08-2019	Sunspire Dune	37.2	1006.4	0.4
24-08-2019	Sunspire Dune	37.0	1006.4	0.42
25-08-2019	Sunspire Dune	36.8	1006.4	0.45
26-08-2019	Sunspire Dune	36.6	1006.4	0.49
27-08-2019	Sunspire Dune	36.5	1006.4	0.53
28-08-2019	Sunspire Dune	36.3	1006.4	0.57
29-08-2019	Sunspire Dune	36.1	1006.5	0.61
30-08-2019	Sunspire Dune	35.9	1006.5	0.65
31-08-2019	Sunspire Dune	35.7	1006.5	0.68
01-09-2019	Sunspire Dune	35.5	1006.5	0.71
02-09-2019	Sunspire Dune	35.3	1006.5	0.74
03-09-2019	Sunspire Dune	35.1	1006.5	0.75
04-09-2019	Sunspire Dune	34.9	1006.5	0.76
05-09-2019	Sunspire Dune	34.7	1006.5	0.77
06-09-2019	Sunspire Dune	34.5	1006.5	0.76
07-09-2019	Sunspire Dune	34.3	1006.5	0.74
08-09-2019	Sunspire Dune	34.1	1006.6	0.72
09-09-2019	Sunspire Dune	33.9	1006.6	0.69
10-09-2019	Sunspire Dune	33.6	1006.6	0.66
11-09-2019	Sunspire Dune	33.4	1006.6	0.62
12-09-2019	Sunspire Dune	33.2	1006.6	0.58
13-09-2019	Sunspire Dune	33.0	1006.6	0.54
14-09-2019	Sunspire Dune	32.8	1006.6	0.49
15-09-2019	Sunspire Dune	32.6	1006.7	0.45
16-09-2019	Sunspire Dune	32.3	1006.7	0.42
17-09-2019	Sunspire Dune	32.1	1006.7	0.39
18-09-2019	Sunspire Dune	31.9	1006.7	0.36
19-09-2019	Sunspire Dune	31.7	1006.7	0.34
20-09-2019	Sunspire Dune	31.5	1006.7	0.33
21-09-2019	Sunspire Dune	31.3	1006.8	0.34
22-09-2019	Sunspire Dune	31.0	1006.8	0.35
23-09-2019	Sunspire Dune	30.8	1006.8	0.37
24-09-2019	Sunspire Dune	30.6	1006.8	0.39
25-09-2019	Sunspire Dune	30.4	1006.8	0.42
26-09-2019	Sunspire Dune	30.2	1006.8	0.46
27-09-2019	Sunspire Dune	30.0	1006.9	0.5
28-09-2019	Sunspire Dune	29.8	1006.9	0.54
29-09-2019	Sunspire Dune	29.6	1006.9	0.58
30-09-2019	Sunspire Dune	29.3	1006.9	0.62
01-10-2019	Sunspire Dune	29.1	1006.9	0.11
02-10-2019	Sunspire Dune	28.9	1007.0	0.11
03-10-2019	Sunspire Dune	28.7	1007.0	0.12
04-10-2019	Sunspire Dune	28.5	1007.0	0.12
05-10-2019	Sunspire Dune	28.3	1007.0	0.12
06-10-2019	Sunspire Dune	28.2	1007.1	0.12
07-10-2019	Sunspire Dune	28.0	1007.1	0.12
08-10-2019	Sunspire Dune	27.8	1007.1	0.12
09-10-2019	Sunspire Dune	27.6	1007.1	0.12
10-10-2019	Sunspire Dune	27.4	1007.2	0.12
11-10-2019	Sunspire Dune	27.2	1007.2	0.12
12-10-2019	Sunspire Dune	27.0	1007.2	0.12
13-10-2019	Sunspire Dune	26.9	1007.2	0.12
14-10-2019	Sunspire Dune	26.7	1007.3	0.12
15-10-2019	Sunspire Dune	26.5	1007.3	0.12
16-10-2019	Sunspire Dune	26.3	1007.3	0.11
17-10-2019	Sunspire Dune	26.2	1007.3	0.11
18-10-2019	Sunspire Dune	26.0	1007.4	0.11
19-10-2019	Sunspire Dune	25.9	1007.4	0.11
20-10-2019	Sunspire Dune	25.7	1007.4	0.11
21-10-2019	Sunspire Dune	25.5	1007.5	0.11
22-10-2019	Sunspire Dune	25.4	1007.5	0.1
23-10-2019	Sunspire Dune	25.2	1007.5	0.1
24-10-2019	Sunspire Dune	25.1	1007.6	0.1
25-10-2019	Sunspire Dune	24.9	1007.6	0.09
26-10-2019	Sunspire Dune	24.8	1007.6	0.09
27-10-2019	Sunspire Dune	24.7	1007.6	0.09
28-10-2019	Sunspire Dune	24.5	1007.7	0.09
29-10-2019	Sunspire Dune	24.4	1007.7	0.08
30-10-2019	Sunspire Dune	24.3	1007.7	0.08
31-10-2019	Sunspire Dune	24.1	1007.8	0.08
01-11-2019	Sunspire Dune	24.0	1007.8	0.09
02-11-2019	Sunspire Dune	23.9	1007.8	0.09
03-11-2019	Sunspire Dune	23.7	1007.9	0.09
04-11-2019	Sunspire Dune	23.6	1007.9	0.1
05-11-2019	Sunspire Dune	23.5	1008.0	0.1
06-11-2019	Sunspire Dune	23.4	1008.0	0.1
07-11-2019	Sunspire Dune	23.3	1008.0	0.1
08-11-2019	Sunspire Dune	23.1	1008.1	0.11
09-11-2019	Sunspire Dune	23.0	1008.1	0.11
10-11-2019	Sunspire Dune	22.9	1008.1	0.11
11-11-2019	Sunspire Dune	22.8	1008.2	0.11
12-11-2019	Sunspire Dune	22.7	1008.2	0.11
13-11-2019	Sunspire Dune	22.6	1008.3	0.12
14-11-2019	Sunspire Dune	22.5	1008.3	0.12
15-11-2019	Sunspire Dune	22.4	1008.3	0.12
16-11-2019	Sunspire Dune	22.3	1008.4	0.12
17-11-2019	Sunspire Dune	22.2	1008.4	0.12
18-11-2019	Sunspire Dune	22.1	1008.5	0.12
19-11-2019	Sunspire Dune	22.0	1008.5	0.12
20-11-2019	Sunspire Dune	21.9	1008.5	0.12
21-11-2019	Sunspire Dune	21.8	1008.6	0.12
22-11-2019	Sunspire Dune	21.7	1008.6	0.12
23-11-2019	Sunspire Dune	21.6	1008.7	0.12
24-11-2019	Sunspire Dune	21.5	1008.7	0.12
25-11-2019	Sunspire Dune	21.5	1008.7	0.12
26-11-2019	Sunspire Dune	21.4	1008.8	0.11
27-11-2019	Sunspire Dune	21.3	1008.8	0.11
28-11-2019	Sunspire Dune	21.2	1008.9	0.11
29-11-2019	Sunspire Dune	21.1	1008.9	0.11
30-11-2019	Sunspire Dune	21.1	1008.9	0.11
01-12-2019	Sunspire Dune	21.0	1009.0	0.1
02-12-2019	Sunspire Dune	20.9	1009.0	0.1
03-12-2019	Sunspire Dune	20.8	1009.1	0.1
04-12-2019	Sunspire Dune	20.8	1009.1	0.1
05-12-2019	Sunspire Dune	20.7	1009.2	0.09
06-12-2019	Sunspire Dune	20.6	1009.2	0.09
07-12-2019	Sunspire Dune	20.6	1009.2	0.09
08-12-2019	Sunspire Dune	20.5	1009.3	0.09
09-12-2019	Sunspire Dune	20.4	1009.3	0.08
10-12-2019	Sunspire Dune	20.4	1009.4	0.08
11-12-2019	Sunspire Dune	20.3	1009.4	0.08
12-12-2019	Sunspire Dune	20.3	1009.4	0.09
13-12-2019	Sunspire Dune	20.2	1009.5	0.09
14-12-2019	Sunspire Dune	20.2	1009.5	0.09
15-12-2019	Sunspire Dune	20.1	1009.6	0.1
16-12-2019	Sunspire Dune	20.1	1009.6	0.1
17-12-2019	Sunspire Dune	20.0	1009.6	0.1
18-12-2019	Sunspire Dune	20.0	1009.7	0.1
19-12-2019	Sunspire Dune	20.0	1009.7	0.11
20-12-2019	Sunspire Dune	19.9	1009.8	0.11
21-12-2019	Sunspire Dune	19.9	1009.8	0.11
22-12-2019	Sunspire Dune	19.9	1009.8	0.11
23-12-2019	Sunspire Dune	19.9	1009.9	0.11
24-12-2019	Sunspire Dune	19.8	1009.9	0.12
25-12-2019	Sunspire Dune	19.8	1009.9	0.12
26-12-2019	Sunspire Dune	19.8	1010.0	0.12
27-12-2019	Sunspire Dune	19.8	1010.0	0.12
28-12-2019	Sunspire Dune	19.8	1010.1	0.12
29-12-2019	Sunspire Dune	19.8	1010.1	0.12
30-12-2019	Sunspire Dune	19.8	1010.1	0.12
31-12-2019	Sunspire Dune	19.8	1010.2	0.12
01-01-2020	Sunspire Dune	19.8	1010.2	0.12
02-01-2020	Sunspire Dune	19.8	1010.2	0.12
03-01-2020	Sunspire Dune	19.9	1010.3	0.12
04-01-2020	Sunspire Dune	19.9	1010.3	0.12
05-01-2020	Sunspire Dune	19.9	1010.3	0.12
06-01-2020	Sunspire Dune	19.9	1010.4	0.11
07-01-2020	Sunspire Dune	20.0	1010.4	0.11
08-01-2020	Sunspire Dune	20.0	1010.4	0.11
09-01-2020	Sunspire Dune	20.0	1010.4	0.11
10-01-2020	Sunspire Dune	20.1	1010.5	0.11
11-01-2020	Sunspire Dune	20.1	1010.5	0.1
12-01-2020	Sunspire Dune	20.2	1010.5	0.1
13-01-2020	Sunspire Dune	20.2	1010.5	0.1
14-01-2020	Sunspire Dune	20.3	1010.6	0.1
15-01-2020	Sunspire Dune	20.4	1010.6	0.09
16-01-2020	Sunspire Dune	20.4	1010.6	0.09
17-01-2020	Sunspire Dune	20.5	1010.6	0.09
18-01-2020	Sunspire Dune	20.6	1010.7	0.08
19-01-2020	Sunspire Dune	20.6	1010.7	0.08
20-01-2020	Sunspire Dune	20.7	1010.7	0.08
21-01-2020	Sunspire Dune	20.8	1010.7	0.08
22-01-2020	Sunspire Dune	20.9	1010.7	0.09
23-01-2020	Sunspire Dune	21.0	1010.7	0.09
24-01-2020	Sunspire Dune	21.1	1010.8	0.09
25-01-2020	Sunspire Dune	21.2	1010.8	0.1
26-01-2020	Sunspire Dune	21.3	1010.8	0.1
27-01-2020	Sunspire Dune	21.4	1010.8	0.1
28-01-2020	Sunspire Dune	21.5	1010.8	0.1
29-01-2020	Sunspire Dune	21.6	1010.8	0.11
30-01-2020	Sunspire Dune	21.7	1010.8	0.11
31-01-2020	Sunspire Dune	21.8	1010.8	0.11
01-02-2020	Sunspire Dune	21.9	1010.8	0.11
02-02-2020	Sunspire Dune	22.1	1010.8	0.11
03-02-2020	Sunspire Dune	22.2	1010.8	0.12
04-02-2020	Sunspire Dune	22.3	1010.9	0.12
05-02-2020	Sunspire Dune	22.4	1010.9	0.12
06-02-2020	Sunspire Dune	22.6	1010.9	0.12
07-02-2020	Sunspire Dune	22.7	1010.9	0.12
08-02-2020	Sunspire Dune	22.8	1010.9	0.12
09-02-2020	Sunspire Dune	23.0	1010.9	0.12
10-02-2020	Sunspire Dune	23.1	1010.9	0.12
11-02-2020	Sunspire Dune	23.2	1010.9	0.12
12-02-2020	Sunspire Dune	23.4	1010.8	0.12
13-02-2020	Sunspire Dune	23.5	1010.8	0.12
14-02-2020	Sunspire Dune	23.6	1010.8	0.12
15-02-2020	Sunspire Dune	23.8	1010.8	0.12
16-02-2020	Sunspire Dune	23.9	1010.8	0.11
17-02-2020	Sunspire Dune	24.1	1010.8	0.11
18-02-2020	Sunspire Dune	24.2	1010.8	0.11
19-02-2020	Sunspire Dune	24.3	1010.8	0.11
20-02-2020	Sunspire Dune	24.5	1010.8	0.11
21-02-2020	Sunspire Dune	24.6	1010.8	0.1
22-02-2020	Sunspire Dune	24.8	1010.7	0.1
23-02-2020	Sunspire Dune	24.9	1010.7	0.1
24-02-2020	Sunspire Dune	25.0	1010.7	0.1
25-02-2020	Sunspire Dune	25.2	1010.7	0.09
26-02-2020	Sunspire Dune	25.3	1010.7	0.09
27-02-2020	Sunspire Dune	25.5	1010.6	0.09
28-02-2020	Sunspire Dune	25.6	1010.6	0.08
29-02-2020	Sunspire Dune	25.7	1010.6	0.08
01-03-2020	Sunspire Dune	25.9	1010.6	0.08
02-03-2020	Sunspire Dune	26.0	1010.6	0.08
03-03-2020	Sunspire Dune	26.1	1010.5	0.09
04-03-2020	Sunspire Dune	26.3	1010.5	0.09
05-03-2020	Sunspire Dune	26.4	1010.5	0.09
06-03-2020	Sunspire Dune	26.5	1010.4	0.1
07-03-2020	Sunspire Dune	26.7	1010.4	0.1
08-03-2020	Sunspire Dune	26.8	1010.4	0.1
09-03-2020	Sunspire Dune	26.9	1010.4	0.1
10-03-2020	Sunspire Dune	27.1	1010.3	0.11
11-03-2020	Sunspire Dune	27.2	1010.3	0.11
12-03-2020	Sunspire Dune	27.3	1010.3	0.11
13-03-2020	Sunspire Dune	27.4	1010.2	0.11
14-03-2020	Sunspire Dune	27.6	1010.2	0.11
15-03-2020	Sunspire Dune	27.7	1010.2	0.12
16-03-2020	Sunspire Dune	27.8	1010.1	0.12
17-03-2020	Sunspire Dune	27.9	1010.1	0.12
18-03-2020	Sunspire Dune	28.0	1010.0	0.12
19-03-2020	Sunspire Dune	28.1	1010.0	0.12
20-03-2020	Sunspire Dune	28.3	1010.0	0.12
21-03-2020	Sunspire Dune	28.4	1009.9	0.12
22-03-2020	Sunspire Dune	28.5	1009.9	0.12
23-03-2020	Sunspire Dune	28.6	1009.8	0.12
24-03-2020	Sunspire Dune	28.7	1009.8	0.12
25-03-2020	Sunspire Dune	28.8	1009.8	0.12
26-03-2020	Sunspire Dune	28.9	1009.7	0.12
27-03-2020	Sunspire Dune	29.0	1009.7	0.12
28-03-2020	Sunspire Dune	29.1	1009.6	0.11
29-03-2020	Sunspire Dune	29.3	1009.6	0.11
30-03-2020	Sunspire Dune	29.4	1009.5	0.11
31-03-2020	Sunspire Dune	29.5	1009.5	0.11
01-04-2020	Sunspire Dune	29.6	1009.4	0.11
02-04-2020	Sunspire Dune	29.7	1009.4	0.1
03-04-2020	Sunspire Dune	29.8	1009.3	0.1
04-04-2020	Sunspire Dune	29.9	1009.3	0.1
05-04-2020	Sunspire Dune	30.0	1009.2	0.1
06-04-2020	Sunspire Dune	30.1	1009.2	0.09
07-04-2020	Sunspire Dune	30.2	1009.2	0.09
08-04-2020	Sunspire Dune	30.3	1009.1	0.09
09-04-2020	Sunspire Dune	30.4	1009.1	0.08
10-04-2020	Sunspire Dune	30.5	1009.0	0.08
11-04-2020	Sunspire Dune	30.6	1009.0	0.08
12-04-2020	Sunspire Dune	30.8	1008.9	0.09
13-04-2020	Sunspire Dune	30.9	1008.9	0.09
14-04-2020	Sunspire Dune	31.0	1008.8	0.09
15-04-2020	Sunspire Dune	31.1	1008.8	0.09
16-04-2020	Sunspire Dune	31.2	1008.7	0.1
17-04-2020	Sunspire Dune	31.3	1008.7	0.1
18-04-2020	Sunspire Dune	31.4	1008.6	0.1
19-04-2020	Sunspire Dune	31.6	1008.6	0.11
20-04-2020	Sunspire Dune	31.7	1008.5	0.11
21-04-2020	Sunspire Dune	31.8	1008.4	0.11
22-04-2020	Sunspire Dune	31.9	1008.4	0.11
23-04-2020	Sunspire Dune	32.0	1008.3	0.11
24-04-2020	Sunspire Dune	32.2	1008.3	0.11
25-04-2020	Sunspire Dune	32.3	1008.2	0.12
26-04-2020	Sunspire Dune	32.4	1008.2	0.12
27-04-2020	Sunspire Dune	32.5	1008.1	0.12
28-04-2020	Sunspire Dune	32.7	1008.1	0.12
29-04-2020	Sunspire Dune	32.8	1008.0	0.12
30-04-2020	Sunspire Dune	32.9	1008.0	0.12
01-05-2020	Sunspire Dune	33.1	1008.0	0.12
02-05-2020	Sunspire Dune	33.2	1007.9	0.12
03-05-2020	Sunspire Dune	33.3	1007.9	0.12
04-05-2020	Sunspire Dune	33.5	1007.8	0.12
05-05-2020	Sunspire Dune	33.6	1007.8	0.12
06-05-2020	Sunspire Dune	33.7	1007.7	0.12
07-05-2020	Sunspire Dune	33.9	1007.7	0.12
08-05-2020	Sunspire Dune	34.0	1007.6	0.11
09-05-2020	Sunspire Dune	34.2	1007.6	0.11
10-05-2020	Sunspire Dune	34.3	1007.5	0.11
11-05-2020	Sunspire Dune	34.5	1007.5	0.11
12-05-2020	Sunspire Dune	34.6	1007.4	0.11
13-05-2020	Sunspire Dune	34.8	1007.4	0.1
14-05-2020	Sunspire Dune	34.9	1007.3	0.1
15-05-2020	Sunspire Dune	35.1	1007.3	0.1
16-05-2020	Sunspire Dune	35.2	1007.3	0.1
17-05-2020	Sunspire Dune	35.4	1007.2	0.09
18-05-2020	Sunspire Dune	35.5	1007.2	0.09
19-05-2020	Sunspire Dune	35.7	1007.1	0.09
20-05-2020	Sunspire Dune	35.8	1007.1	0.08
21-05-2020	Sunspire Dune	36.0	1007.1	0.08
22-05-2020	Sunspire Dune	36.1	1007.0	0.08
23-05-2020	Sunspire Dune	36.3	1007.0	0.09
24-05-2020	Sunspire Dune	36.4	1006.9	0.09
25-05-2020	Sunspire Dune	36.6	1006.9	0.09
26-05-2020	Sunspire Dune	36.7	1006.9	0.09
27-05-2020	Sunspire Dune	36.8	1006.8	0.1
28-05-2020	Sunspire Dune	37.0	1006.8	0.1
29-05-2020	Sunspire Dune	37.1	1006.8	0.1
30-05-2020	Sunspire Dune	37.3	1006.7	0.11
31-05-2020	Sunspire Dune	37.4	1006.7	0.11
01-06-2020	Sunspire Dune	37.6	1006.7	0.11
02-06-2020	Sunspire Dune	37.7	1006.6	0.11
03-06-2020	Sunspire Dune	37.8	1006.6	0.11
04-06-2020	Sunspire Dune	38.0	1006.6	0.12
05-06-2020	Sunspire Dune	38.1	1006.5	0.12
06-06-2020	Sunspire Dune	38.2	1006.5	0.12
07-06-2020	Sunspire Dune	38.3	1006.5	0.12
08-06-2020	Sunspire Dune	38.5	1006.5	0.12
09-06-2020	Sunspire Dune	38.6	1006.4	0.12
10-06-2020	Sunspire Dune	38.7	1006.4	0.12
11-06-2020	Sunspire Dune	38.8	1006.4	0.12
12-06-2020	Sunspire Dune	38.9	1006.4	0.12
13-06-2020	Sunspire Dune	39.0	1006.3	0.12
14-06-2020	Sunspire Dune	39.1	1006.3	0.12
15-06-2020	Sunspire Dune	39.2	1006.3	0.12
16-06-2020	Sunspire Dune	39.3	1006.3	0.12
17-06-2020	Sunspire Dune	39.4	1006.3	0.12
18-06-2020	Sunspire Dune	39.5	1006.2	0.11
19-06-2020	Sunspire Dune	39.6	1006.2	0.11
20-06-2020	Sunspire Dune	39.6	1006.2	0.11
21-06-2020	Sunspire Dune	39.7	1006.2	0.11
22-06-2020	Sunspire Dune	39.8	1006.2	0.11
23-06-2020	Sunspire Dune	39.9	1006.2	0.1
24-06-2020	Sunspire Dune	39.9	1006.1	0.1
25-06-2020	Sunspire Dune	40.0	1006.1	0.1
26-06-2020	Sunspire Dune	40.0	1006.1	0.09
27-06-2020	Sunspire Dune	40.1	1006.1	0.09
28-06-2020	Sunspire Dune	40.1	1006.1	0.09
29-06-2020	Sunspire Dune	40.1	1006.1	0.09
30-06-2020	Sunspire Dune	40.2	1006.1	0.08
01-07-2020	Sunspire Dune	40.2	1006.1	0.34
02-07-2020	Sunspire Dune	40.2	1006.1	0.36
03-07-2020	Sunspire Dune	40.2	1006.0	0.39
04-07-2020	Sunspire Dune	40.3	1006.0	0.42
05-07-2020	Sunspire Dune	40.3	1006.0	0.46
06-07-2020	Sunspire Dune	40.3	1006.0	0.5
07-07-2020	Sunspire Dune	40.3	1006.0	0.54
08-07-2020	Sunspire Dune	40.3	1006.0	0.58
09-07-2020	Sunspire Dune	40.2	1006.0	0.62
10-07-2020	Sunspire Dune	40.2	1006.0	0.66
11-07-2020	Sunspire Dune	40.2	1006.0	0.7
12-07-2020	Sunspire Dune	40.2	1006.0	0.72
13-07-2020	Sunspire Dune	40.2	1006.0	0.75
14-07-2020	Sunspire Dune	40.1	1006.0	0.76
15-07-2020	Sunspire Dune	40.1	1006.0	0.77
16-07-2020	Sunspire Dune	40.0	1006.0	0.76
17-07-2020	Sunspire Dune	40.0	1006.0	0.75
18-07-2020	Sunspire Dune	40.0	1006.0	0.73
19-07-2020	Sunspire Dune	39.9	1006.0	0.71
20-07-2020	Sunspire Dune	39.8	1006.0	0.68
21-07-2020	Sunspire Dune	39.8	1006.0	0.64
22-07-2020	Sunspire Dune	39.7	1006.0	0.61
23-07-2020	Sunspire Dune	39.6	1006.0	0.57
24-07-2020	Sunspire Dune	39.6	1006.1	0.52
25-07-2020	Sunspire Dune	39.5	1006.1	0.49
26-07-2020	Sunspire Dune	39.4	1006.1	0.45
27-07-2020	Sunspire Dune	39.3	1006.1	0.42
28-07-2020	Sunspire Dune	39.3	1006.1	0.39
29-07-2020	Sunspire Dune	39.2	1006.1	0.38
30-07-2020	Sunspire Dune	39.1	1006.1	0.36
31-07-2020	Sunspire Dune	39.0	1006.1	0.36
01-08-2020	Sunspire Dune	38.9	1006.1	0.36
02-08-2020	Sunspire Dune	38.8	1006.1	0.38
03-08-2020	Sunspire Dune	38.7	1006.1	0.39
04-08-2020	Sunspire Dune	38.6	1006.2	0.42
05-08-2020	Sunspire Dune	38.5	1006.2	0.45
06-08-2020	Sunspire Dune	38.4	1006.2	0.48
07-08-2020	Sunspire Dune	38.2	1006.2	0.52
08-08-2020	Sunspire Dune	38.1	1006.2	0.55
09-08-2020	Sunspire Dune	38.0	1006.2	0.59
10-08-2020	Sunspire Dune	37.9	1006.2	0.62
11-08-2020	Sunspire Dune	37.8	1006.3	0.66
12-08-2020	Sunspire Dune	37.7	1006.3	0.69
13-08-2020	Sunspire Dune	37.5	1006.3	0.71
14-08-2020	Sunspire Dune	37.4	1006.3	0.73
15-08-2020	Sunspire Dune	37.3	1006.3	0.74
16-08-2020	Sunspire Dune	37.2	1006.3	0.74
17-08-2020	Sunspire Dune	37.0	1006.3	0.74
18-08-2020	Sunspire Dune	36.9	1006.4	0.73
19-08-2020	Sunspire Dune	36.8	1006.4	0.71
20-08-2020	Sunspire Dune	36.6	1006.4	0.68
21-08-2020	Sunspire Dune	36.5	1006.4	0.65
22-08-2020	Sunspire Dune	36.4	1006.4	0.61
23-08-2020	Sunspire Dune	36.2	1006.4	0.57
24-08-2020	Sunspire Dune	36.1	1006.5	0.54
25-08-2020	Sunspire Dune	35.9	1006.5	0.5
26-08-2020	Sunspire Dune	35.8	1006.5	0.46
27-08-2020	Sunspire Dune	35.7	1006.5	0.43
28-08-2020	Sunspire Dune	35.5	1006.5	0.41
29-08-2020	Sunspire Dune	35.4	1006.6	0.39
30-08-2020	Sunspire Dune	35.2	1006.6	0.38
31-08-2020	Sunspire Dune	35.1	1006.6	0.37
01-09-2020	Sunspire Dune	34.9	1006.6	0.37
02-09-2020	Sunspire Dune	34.8	1006.6	0.38
03-09-2020	Sunspire Dune	34.6	1006.7	0.4
04-09-2020	Sunspire Dune	34.5	1006.7	0.42
05-09-2020	Sunspire Dune	34.3	1006.7	0.45
06-09-2020	Sunspire Dune	34.2	1006.7	0.49
07-09-2020	Sunspire Dune	34.0	1006.7	0.52
08-09-2020	Sunspire Dune	33.9	1006.8	0.56
09-09-2020	Sunspire Dune	33.7	1006.8	0.6
10-09-2020	Sunspire Dune	33.5	1006.8	0.64
11-09-2020	Sunspire Dune	33.4	1006.8	0.67
12-09-2020	Sunspire Dune	33.2	1006.8	0.7
13-09-2020	Sunspire Dune	33.1	1006.9	0.72
14-09-2020	Sunspire Dune	32.9	1006.9	0.74
15-09-2020	Sunspire Dune	32.7	1006.9	0.74
16-09-2020	Sunspire Dune	32.6	1006.9	0.74
17-09-2020	Sunspire Dune	32.4	1007.0	0.74
18-09-2020	Sunspire Dune	32.2	1007.0	0.72
19-09-2020	Sunspire Dune	32.1	1007.0	0.7
20-09-2020	Sunspire Dune	31.9	1007.0	0.67
21-09-2020	Sunspire Dune	31.7	1007.0	0.63
22-09-2020	Sunspire Dune	31.5	1007.1	0.6
23-09-2020	Sunspire Dune	31.4	1007.1	0.57
24-09-2020	Sunspire Dune	31.2	1007.1	0.53
25-09-2020	Sunspire Dune	31.0	1007.1	0.49
26-09-2020	Sunspire Dune	30.8	1007.2	0.46
27-09-2020	Sunspire Dune	30.6	1007.2	0.43
28-09-2020	Sunspire Dune	30.5	1007.2	0.4
29-09-2020	Sunspire Dune	30.3	1007.2	0.38
30-09-2020	Sunspire Dune	30.1	1007.2	0.37
01-10-2020	Sunspire Dune	29.9	1007.3	0.11
02-10-2020	Sunspire Dune	29.7	1007.3	0.11
03-10-2020	Sunspire Dune	29.5	1007.3	0.11
04-10-2020	Sunspire Dune	29.3	1007.3	0.11
05-10-2020	Sunspire Dune	29.1	1007.4	0.12
06-10-2020	Sunspire Dune	28.9	1007.4	0.12
07-10-2020	Sunspire Dune	28.8	1007.4	0.12
08-10-2020	Sunspire Dune	28.6	1007.4	0.12
09-10-2020	Sunspire Dune	28.4	1007.5	0.12
10-10-2020	Sunspire Dune	28.2	1007.5	0.12
11-10-2020	Sunspire Dune	28.0	1007.5	0.12
12-10-2020	Sunspire Dune	27.8	1007.5	0.12
13-10-2020	Sunspire Dune	27.6	1007.6	0.12
14-10-2020	Sunspire Dune	27.4	1007.6	0.12
15-10-2020	Sunspire Dune	27.2	1007.6	0.12
16-10-2020	Sunspire Dune	27.0	1007.6	0.12
17-10-2020	Sunspire Dune	26.8	1007.7	0.12
18-10-2020	Sunspire Dune	26.6	1007.7	0.11
19-10-2020	Sunspire Dune	26.4	1007.7	0.11
20-10-2020	Sunspire Dune	26.2	1007.7	0.11
21-10-2020	Sunspire Dune	26.0	1007.8	0.11
22-10-2020	Sunspire Dune	25.8	1007.8	0.11
23-10-2020	Sunspire Dune	25.6	1007.8	0.1
24-10-2020	Sunspire Dune	25.4	1007.8	0.1
25-10-2020	Sunspire Dune	25.2	1007.9	0.1
26-10-2020	Sunspire Dune	25.0	1007.9	0.1
27-10-2020	Sunspire Dune	24.8	1007.9	0.09
28-10-2020	Sunspire Dune	24.6	1008.0	0.09
29-10-2020	Sunspire Dune	24.4	1008.0	0.09
30-10-2020	Sunspire Dune	24.2	1008.0	0.08
31-10-2020	Sunspire Dune	24.1	1008.0	0.08
01-11-2020	Sunspire Dune	23.9	1008.1	0.08
02-11-2020	Sunspire Dune	23.7	1008.1	0.08
03-11-2020	Sunspire Dune	23.5	1008.1	0.09
04-11-2020	Sunspire Dune	23.3	1008.1	0.09
05-11-2020	Sunspire Dune	23.2	1008.2	0.09
06-11-2020	Sunspire Dune	23.0	1008.2	0.1
07-11-2020	Sunspire Dune	22.8	1008.2	0.1
08-11-2020	Sunspire Dune	22.7	1008.3	0.1
09-11-2020	Sunspire Dune	22.5	1008.3	0.1
10-11-2020	Sunspire Dune	22.3	1008.3	0.11
11-11-2020	Sunspire Dune	22.2	1008.3	0.11
12-11-2020	Sunspire Dune	22.0	1008.4	0.11
13-11-2020	Sunspire Dune	21.9	1008.4	0.11
14-11-2020	Sunspire Dune	21.8	1008.4	0.11
15-11-2020	Sunspire Dune	21.6	1008.5	0.12
16-11-2020	Sunspire Dune	21.5	1008.5	0.12
17-11-2020	Sunspire Dune	21.3	1008.5	0.12
18-11-2020	Sunspire Dune	21.2	1008.6	0.12
19-11-2020	Sunspire Dune	21.1	1008.6	0.12
20-11-2020	Sunspire Dune	21.0	1008.6	0.12
21-11-2020	Sunspire Dune	20.9	1008.6	0.12
22-11-2020	Sunspire Dune	20.8	1008.7	0.12
23-11-2020	Sunspire Dune	20.7	1008.7	0.12
24-11-2020	Sunspire Dune	20.6	1008.7	0.12
25-11-2020	Sunspire Dune	20.5	1008.8	0.12
26-11-2020	Sunspire Dune	20.4	1008.8	0.12
27-11-2020	Sunspire Dune	20.3	1008.8	0.12
28-11-2020	Sunspire Dune	20.2	1008.9	0.11
29-11-2020	Sunspire Dune	20.1	1008.9	0.11
30-11-2020	Sunspire Dune	20.1	1008.9	0.11
01-12-2020	Sunspire Dune	20.0	1009.0	0.11
02-12-2020	Sunspire Dune	20.0	1009.0	0.11
03-12-2020	Sunspire Dune	19.9	1009.0	0.1
04-12-2020	Sunspire Dune	19.8	1009.1	0.1
05-12-2020	Sunspire Dune	19.8	1009.1	0.1
06-12-2020	Sunspire Dune	19.8	1009.1	0.1
07-12-2020	Sunspire Dune	19.7	1009.2	0.09
08-12-2020	Sunspire Dune	19.7	1009.2	0.09
09-12-2020	Sunspire Dune	19.7	1009.2	0.09
10-12-2020	Sunspire Dune	19.7	1009.3	0.08
11-12-2020	Sunspire Dune	19.7	1009.3	0.08
12-12-2020	Sunspire Dune	19.6	1009.3	0.08
13-12-2020	Sunspire Dune	19.6	1009.3	0.09
14-12-2020	Sunspire Dune	19.6	1009.4	0.09
15-12-2020	Sunspire Dune	19.6	1009.4	0.09
16-12-2020	Sunspire Dune	19.7	1009.4	0.09
17-12-2020	Sunspire Dune	19.7	1009.5	0.1
18-12-2020	Sunspire Dune	19.7	1009.5	0.1
19-12-2020	Sunspire Dune	19.7	1009.5	0.1
20-12-2020	Sunspire Dune	19.7	1009.6	0.1
21-12-2020	Sunspire Dune	19.8	1009.6	0.11
22-12-2020	Sunspire Dune	19.8	1009.6	0.11
23-12-2020	Sunspire Dune	19.8	1009.7	0.11
24-12-2020	Sunspire Dune	19.9	1009.7	0.11
25-12-2020	Sunspire Dune	19.9	1009.7	0.11
26-12-2020	Sunspire Dune	20.0	1009.8	0.12
27-12-2020	Sunspire Dune	20.0	1009.8	0.12
28-12-2020	Sunspire Dune	20.1	1009.8	0.12
29-12-2020	Sunspire Dune	20.1	1009.8	0.12
30-12-2020	Sunspire Dune	20.2	1009.9	0.12
31-12-2020	Sunspire Dune	20.2	1009.9	0.12
01-01-2021	Sunspire Dune	20.3	1009.9	0.12
02-01-2021	Sunspire Dune	20.4	1009.9	0.12
03-01-2021	Sunspire Dune	20.5	1010.0	0.12
04-01-2021	Sunspire Dune	20.5	1010.0	0.12
05-01-2021	Sunspire Dune	20.6	1010.0	0.12
06-01-2021	Sunspire Dune	20.7	1010.1	0.12
07-01-2021	Sunspire Dune	20.7	1010.1	0.12
08-01-2021	Sunspire Dune	20.8	1010.1	0.11
09-01-2021	Sunspire Dune	20.9	1010.1	0.11
10-01-2021	Sunspire Dune	21.0	1010.2	0.11
11-01-2021	Sunspire Dune	21.0	1010.2	0.11
12-01-2021	Sunspire Dune	21.1	1010.2	0.11
13-01-2021	Sunspire Dune	21.2	1010.2	0.1
14-01-2021	Sunspire Dune	21.3	1010.3	0.1
15-01-2021	Sunspire Dune	21.4	1010.3	0.1
16-01-2021	Sunspire Dune	21.4	1010.3	0.1
17-01-2021	Sunspire Dune	21.5	1010.3	0.09
18-01-2021	Sunspire Dune	21.6	1010.4	0.09
19-01-2021	Sunspire Dune	21.7	1010.4	0.09
20-01-2021	Sunspire Dune	21.8	1010.4	0.08
21-01-2021	Sunspire Dune	21.9	1010.4	0.08
22-01-2021	Sunspire Dune	21.9	1010.4	0.08
23-01-2021	Sunspire Dune	22.0	1010.5	0.09
24-01-2021	Sunspire Dune	22.1	1010.5	0.09
25-01-2021	Sunspire Dune	22.2	1010.5	0.09
26-01-2021	Sunspire Dune	22.3	1010.5	0.09
27-01-2021	Sunspire Dune	22.3	1010.5	0.1
28-01-2021	Sunspire Dune	22.4	1010.5	0.1
29-01-2021	Sunspire Dune	22.5	1010.6	0.1
30-01-2021	Sunspire Dune	22.6	1010.6	0.11
31-01-2021	Sunspire Dune	22.7	1010.6	0.11
01-02-2021	Sunspire Dune	22.7	1010.6	0.11
02-02-2021	Sunspire Dune	22.8	1010.6	0.11
03-02-2021	Sunspire Dune	22.9	1010.6	0.11
04-02-2021	Sunspire Dune	23.0	1010.6	0.12
05-02-2021	Sunspire Dune	23.1	1010.6	0.12
06-02-2021	Sunspire Dune	23.1	1010.6	0.12
07-02-2021	Sunspire Dune	23.2	1010.7	0.12
08-02-2021	Sunspire Dune	23.3	1010.7	0.12
09-02-2021	Sunspire Dune	23.4	1010.7	0.12
10-02-2021	Sunspire Dune	23.5	1010.7	0.12
11-02-2021	Sunspire Dune	23.5	1010.7	0.12
12-02-2021	Sunspire Dune	23.6	1010.7	0.12
13-02-2021	Sunspire Dune	23.7	1010.7	0.12
14-02-2021	Sunspire Dune	23.8	1010.7	0.12
15-02-2021	Sunspire Dune	23.9	1010.7	0.12
16-02-2021	Sunspire Dune	23.9	1010.7	0.12
17-02-2021	Sunspire Dune	24.0	1010.7	0.12
18-02-2021	Sunspire Dune	24.1	1010.7	0.11
19-02-2021	Sunspire Dune	24.2	1010.7	0.11
20-02-2021	Sunspire Dune	24.3	1010.7	0.11
21-02-2021	Sunspire Dune	24.4	1010.7	0.11
22-02-2021	Sunspire Dune	24.4	1010.7	0.11
23-02-2021	Sunspire Dune	24.5	1010.7	0.1
24-02-2021	Sunspire Dune	24.6	1010.6	0.1
25-02-2021	Sunspire Dune	24.7	1010.6	0.1
26-02-2021	Sunspire Dune	24.8	1010.6	0.09
27-02-2021	Sunspire Dune	24.9	1010.6	0.09
28-02-2021	Sunspire Dune	25.0	1010.6	0.09
01-03-2021	Sunspire Dune	25.1	1010.6	0.09
02-03-2021	Sunspire Dune	25.2	1010.6	0.08
03-03-2021	Sunspire Dune	25.3	1010.6	0.08
04-03-2021	Sunspire Dune	25.4	1010.5	0.08
05-03-2021	Sunspire Dune	25.5	1010.5	0.09
06-03-2021	Sunspire Dune	25.6	1010.5	0.09
07-03-2021	Sunspire Dune	25.7	1010.5	0.09
08-03-2021	Sunspire Dune	25.8	1010.5	0.1
09-03-2021	Sunspire Dune	25.9	1010.5	0.1
10-03-2021	Sunspire Dune	26.0	1010.4	0.1
11-03-2021	Sunspire Dune	26.1	1010.4	0.1
12-03-2021	Sunspire Dune	26.2	1010.4	0.11
13-03-2021	Sunspire Dune	26.3	1010.4	0.11
14-03-2021	Sunspire Dune	26.5	1010.3	0.11
15-03-2021	Sunspire Dune	26.6	1010.3	0.11
16-03-2021	Sunspire Dune	26.7	1010.3	0.11
17-03-2021	Sunspire Dune	26.8	1010.3	0.12
18-03-2021	Sunspire Dune	26.9	1010.2	0.12
19-03-2021	Sunspire Dune	27.1	1010.2	0.12
20-03-2021	Sunspire Dune	27.2	1010.2	0.12
21-03-2021	Sunspire Dune	27.3	1010.1	0.12
22-03-2021	Sunspire Dune	27.5	1010.1	0.12
23-03-2021	Sunspire Dune	27.6	1010.1	0.12
24-03-2021	Sunspire Dune	27.8	1010.0	0.12
25-03-2021	Sunspire Dune	27.9	1010.0	0.12
26-03-2021	Sunspire Dune	28.0	1010.0	0.12
27-03-2021	Sunspire Dune	28.2	1009.9	0.12
28-03-2021	Sunspire Dune	28.3	1009.9	0.12
29-03-2021	Sunspire Dune	28.5	1009.8	0.12
30-03-2021	Sunspire Dune	28.6	1009.8	0.11
31-03-2021	Sunspire Dune	28.8	1009.8	0.11
01-04-2021	Sunspire Dune	28.9	1009.7	0.11
02-04-2021	Sunspire Dune	29.1	1009.7	0.11
03-04-2021	Sunspire Dune	29.3	1009.6	0.11
04-04-2021	Sunspire Dune	29.4	1009.6	0.11
05-04-2021	Sunspire Dune	29.6	1009.6	0.1
06-04-2021	Sunspire Dune	29.7	1009.5	0.1
07-04-2021	Sunspire Dune	29.9	1009.5	0.1
08-04-2021	Sunspire Dune	30.1	1009.4	0.09
09-04-2021	Sunspire Dune	30.2	1009.4	0.09
10-04-2021	Sunspire Dune	30.4	1009.3	0.09
11-04-2021	Sunspire Dune	30.6	1009.3	0.09
12-04-2021	Sunspire Dune	30.7	1009.2	0.08
13-04-2021	Sunspire Dune	30.9	1009.2	0.08
14-04-2021	Sunspire Dune	31.1	1009.1	0.08
15-04-2021	Sunspire Dune	31.2	1009.1	0.09
16-04-2021	Sunspire Dune	31.4	1009.0	0.09
17-04-2021	Sunspire Dune	31.6	1009.0	0.09
18-04-2021	Sunspire Dune	31.7	1008.9	0.1
19-04-2021	Sunspire Dune	31.9	1008.9	0.1
20-04-2021	Sunspire Dune	32.1	1008.8	0.1
21-04-2021	Sunspire Dune	32.2	1008.8	0.1
22-04-2021	Sunspire Dune	32.4	1008.7	0.11
23-04-2021	Sunspire Dune	32.6	1008.7	0.11
24-04-2021	Sunspire Dune	32.7	1008.6	0.11
25-04-2021	Sunspire Dune	32.9	1008.6	0.11
26-04-2021	Sunspire Dune	33.1	1008.5	0.11
27-04-2021	Sunspire Dune	33.2	1008.5	0.12
28-04-2021	Sunspire Dune	33.4	1008.4	0.12
29-04-2021	Sunspire Dune	33.5	1008.4	0.12
30-04-2021	Sunspire Dune	33.7	1008.3	0.12
01-05-2021	Sunspire Dune	33.9	1008.3	0.12
02-05-2021	Sunspire Dune	34.0	1008.2	0.12
03-05-2021	Sunspire Dune	34.2	1008.2	0.12
04-05-2021	Sunspire Dune	34.3	1008.1	0.12
05-05-2021	Sunspire Dune	34.5	1008.1	0.12
06-05-2021	Sunspire Dune	34.6	1008.0	0.12
07-05-2021	Sunspire Dune	34.8	1008.0	0.12
08-05-2021	Sunspire Dune	34.9	1007.9	0.12
09-05-2021	Sunspire Dune	35.0	1007.9	0.12
10-05-2021	Sunspire Dune	35.2	1007.8	0.11
11-05-2021	Sunspire Dune	35.3	1007.8	0.11
12-05-2021	Sunspire Dune	35.4	1007.7	0.11
13-05-2021	Sunspire Dune	35.6	1007.7	0.11
14-05-2021	Sunspire Dune	35.7	1007.6	0.11
15-05-2021	Sunspire Dune	35.8	1007.6	0.1
16-05-2021	Sunspire Dune	36.0	1007.5	0.1
17-05-2021	Sunspire Dune	36.1	1007.5	0.1
18-05-2021	Sunspire Dune	36.2	1007.4	0.1
19-05-2021	Sunspire Dune	36.3	1007.4	0.09
20-05-2021	Sunspire Dune	36.4	1007.3	0.09
21-05-2021	Sunspire Dune	36.5	1007.3	0.09
22-05-2021	Sunspire Dune	36.6	1007.2	0.08
23-05-2021	Sunspire Dune	36.8	1007.2	0.08
24-05-2021	Sunspire Dune	36.9	1007.1	0.08
25-05-2021	Sunspire Dune	37.0	1007.1	0.08
26-05-2021	Sunspire Dune	37.1	1007.0	0.09
27-05-2021	Sunspire Dune	37.2	1007.0	0.09
28-05-2021	Sunspire Dune	37.2	1006.9	0.09
29-05-2021	Sunspire Dune	37.3	1006.9	0.1
30-05-2021	Sunspire Dune	37.4	1006.8	0.1
31-05-2021	Sunspire Dune	37.5	1006.8	0.1
01-06-2021	Sunspire Dune	37.6	1006.8	0.1
02-06-2021	Sunspire Dune	37.7	1006.7	0.11
03-06-2021	Sunspire Dune	37.8	1006.7	0.11
04-06-2021	Sunspire Dune	37.8	1006.6	0.11
05-06-2021	Sunspire Dune	37.9	1006.6	0.11
06-06-2021	Sunspire Dune	38.0	1006.6	0.11
07-06-2021	Sunspire Dune	38.1	1006.5	0.12
08-06-2021	Sunspire Dune	38.1	1006.5	0.12
09-06-2021	Sunspire Dune	38.2	1006.4	0.12
10-06-2021	Sunspire Dune	38.3	1006.4	0.12
11-06-2021	Sunspire Dune	38.3	1006.4	0.12
12-06-2021	Sunspire Dune	38.4	1006.3	0.12
13-06-2021	Sunspire Dune	38.5	1006.3	0.12
14-06-2021	Sunspire Dune	38.5	1006.3	0.12
15-06-2021	Sunspire Dune	38.6	1006.2	0.12
16-06-2021	Sunspire Dune	38.6	1006.2	0.12
17-06-2021	Sunspire Dune	38.7	1006.2	0.12
18-06-2021	Sunspire Dune	38.7	1006.2	0.12
19-06-2021	Sunspire Dune	38.8	1006.1	0.12
20-06-2021	Sunspire Dune	38.8	1006.1	0.11
21-06-2021	Sunspire Dune	38.9	1006.1	0.11
22-06-2021	Sunspire Dune	38.9	1006.1	0.11
23-06-2021	Sunspire Dune	39.0	1006.0	0.11
24-06-2021	Sunspire Dune	39.0	1006.0	0.11
25-06-2021	Sunspire Dune	39.1	1006.0	0.1
26-06-2021	Sunspire Dune	39.1	1006.0	0.1
27-06-2021	Sunspire Dune	39.2	1005.9	0.1
28-06-2021	Sunspire Dune	39.2	1005.9	0.1
29-06-2021	Sunspire Dune	39.2	1005.9	0.09
30-06-2021	Sunspire Dune	39.3	1005.9	0.09
01-07-2021	Sunspire Dune	39.3	1005.9	0.63
02-07-2021	Sunspire Dune	39.3	1005.9	0.59
03-07-2021	Sunspire Dune	39.4	1005.8	0.55
04-07-2021	Sunspire Dune	39.4	1005.8	0.51
05-07-2021	Sunspire Dune	39.4	1005.8	0.47
06-07-2021	Sunspire Dune	39.5	1005.8	0.44
07-07-2021	Sunspire Dune	39.5	1005.8	0.41
08-07-2021	Sunspire Dune	39.5	1005.8	0.39
09-07-2021	Sunspire Dune	39.5	1005.8	0.37
10-07-2021	Sunspire Dune	39.5	1005.8	0.36
11-07-2021	Sunspire Dune	39.6	1005.8	0.35
12-07-2021	Sunspire Dune	39.6	1005.8	0.36
13-07-2021	Sunspire Dune	39.6	1005.7	0.37
14-07-2021	Sunspire Dune	39.6	1005.7	0.39
15-07-2021	Sunspire Dune	39.6	1005.7	0.41
16-07-2021	Sunspire Dune	39.6	1005.7	0.44
17-07-2021	Sunspire Dune	39.6	1005.7	0.48
18-07-2021	Sunspire Dune	39.6	1005.7	0.52
19-07-2021	Sunspire Dune	39.6	1005.7	0.56
20-07-2021	Sunspire Dune	39.6	1005.7	0.6
21-07-2021	Sunspire Dune	39.6	1005.7	0.64
22-07-2021	Sunspire Dune	39.6	1005.7	0.68
23-07-2021	Sunspire Dune	39.6	1005.7	0.71
24-07-2021	Sunspire Dune	39.6	1005.8	0.73
25-07-2021	Sunspire Dune	39.6	1005.8	0.75
26-07-2021	Sunspire Dune	39.5	1005.8	0.77
27-07-2021	Sunspire Dune	39.5	1005.8	0.77
28-07-2021	Sunspire Dune	39.5	1005.8	0.76
29-07-2021	Sunspire Dune	39.5	1005.8	0.75
30-07-2021	Sunspire Dune	39.4	1005.8	0.73
31-07-2021	Sunspire Dune	39.4	1005.8	0.7
01-08-2021	Sunspire Dune	39.4	1005.8	0.67
02-08-2021	Sunspire Dune	39.3	1005.8	0.63
03-08-2021	Sunspire Dune	39.3	1005.8	0.59
04-08-2021	Sunspire Dune	39.2	1005.9	0.55
05-08-2021	Sunspire Dune	39.1	1005.9	0.51
06-08-2021	Sunspire Dune	39.1	1005.9	0.47
07-08-2021	Sunspire Dune	39.0	1005.9	0.43
08-08-2021	Sunspire Dune	39.0	1005.9	0.4
09-08-2021	Sunspire Dune	38.9	1005.9	0.37
10-08-2021	Sunspire Dune	38.8	1006.0	0.35
11-08-2021	Sunspire Dune	38.7	1006.0	0.34
12-08-2021	Sunspire Dune	38.6	1006.0	0.33
13-08-2021	Sunspire Dune	38.5	1006.0	0.34
14-08-2021	Sunspire Dune	38.4	1006.0	0.35
15-08-2021	Sunspire Dune	38.3	1006.1	0.38
16-08-2021	Sunspire Dune	38.2	1006.1	0.41
17-08-2021	Sunspire Dune	38.1	1006.1	0.44
18-08-2021	Sunspire Dune	38.0	1006.1	0.48
19-08-2021	Sunspire Dune	37.9	1006.1	0.52
20-08-2021	Sunspire Dune	37.8	1006.2	0.57
21-08-2021	Sunspire Dune	37.6	1006.2	0.61
22-08-2021	Sunspire Dune	37.5	1006.2	0.65
23-08-2021	Sunspire Dune	37.3	1006.2	0.68
24-08-2021	Sunspire Dune	37.2	1006.3	0.71
25-08-2021	Sunspire Dune	37.1	1006.3	0.74
26-08-2021	Sunspire Dune	36.9	1006.3	0.75
27-08-2021	Sunspire Dune	36.7	1006.3	0.76
28-08-2021	Sunspire Dune	36.6	1006.4	0.76
29-08-2021	Sunspire Dune	36.4	1006.4	0.76
30-08-2021	Sunspire Dune	36.2	1006.4	0.74
31-08-2021	Sunspire Dune	36.1	1006.5	0.72
01-09-2021	Sunspire Dune	35.9	1006.5	0.69
02-09-2021	Sunspire Dune	35.7	1006.5	0.66
03-09-2021	Sunspire Dune	35.5	1006.5	0.62
04-09-2021	Sunspire Dune	35.3	1006.6	0.58
05-09-2021	Sunspire Dune	35.1	1006.6	0.54
06-09-2021	Sunspire Dune	34.9	1006.6	0.5
07-09-2021	Sunspire Dune	34.7	1006.7	0.46
08-09-2021	Sunspire Dune	34.5	1006.7	0.43
09-09-2021	Sunspire Dune	34.3	1006.7	0.4
10-09-2021	Sunspire Dune	34.1	1006.8	0.38
11-09-2021	Sunspire Dune	33.9	1006.8	0.37
12-09-2021	Sunspire Dune	33.7	1006.8	0.36
13-09-2021	Sunspire Dune	33.5	1006.8	0.36
14-09-2021	Sunspire Dune	33.3	1006.9	0.37
15-09-2021	Sunspire Dune	33.0	1006.9	0.39
16-09-2021	Sunspire Dune	32.8	1006.9	0.41
17-09-2021	Sunspire Dune	32.6	1007.0	0.44
18-09-2021	Sunspire Dune	32.4	1007.0	0.47
19-09-2021	Sunspire Dune	32.1	1007.0	0.5
20-09-2021	Sunspire Dune	31.9	1007.1	0.54
21-09-2021	Sunspire Dune	31.7	1007.1	0.58
22-09-2021	Sunspire Dune	31.5	1007.1	0.61
23-09-2021	Sunspire Dune	31.2	1007.2	0.64
24-09-2021	Sunspire Dune	31.0	1007.2	0.68
25-09-2021	Sunspire Dune	30.8	1007.2	0.7
26-09-2021	Sunspire Dune	30.5	1007.3	0.73
27-09-2021	Sunspire Dune	30.3	1007.3	0.74
28-09-2021	Sunspire Dune	30.1	1007.3	0.74
29-09-2021	Sunspire Dune	29.8	1007.3	0.74
30-09-2021	Sunspire Dune	29.6	1007.4	0.73
01-10-2021	Sunspire Dune	29.4	1007.4	0.1
02-10-2021	Sunspire Dune	29.2	1007.4	0.11
03-10-2021	Sunspire Dune	28.9	1007.5	0.11
04-10-2021	Sunspire Dune	28.7	1007.5	0.11
05-10-2021	Sunspire Dune	28.5	1007.5	0.11
06-10-2021	Sunspire Dune	28.3	1007.6	0.11
07-10-2021	Sunspire Dune	28.1	1007.6	0.12
08-10-2021	Sunspire Dune	27.8	1007.6	0.12
09-10-2021	Sunspire Dune	27.6	1007.7	0.12
10-10-2021	Sunspire Dune	27.4	1007.7	0.12
11-10-2021	Sunspire Dune	27.2	1007.7	0.12
12-10-2021	Sunspire Dune	27.0	1007.7	0.12
13-10-2021	Sunspire Dune	26.8	1007.8	0.12
14-10-2021	Sunspire Dune	26.6	1007.8	0.12
15-10-2021	Sunspire Dune	26.4	1007.8	0.12
16-10-2021	Sunspire Dune	26.2	1007.9	0.12
17-10-2021	Sunspire Dune	26.0	1007.9	0.12
18-10-2021	Sunspire Dune	25.8	1007.9	0.12
19-10-2021	Sunspire Dune	25.6	1008.0	0.12
20-10-2021	Sunspire Dune	25.5	1008.0	0.12
21-10-2021	Sunspire Dune	25.3	1008.0	0.11
22-10-2021	Sunspire Dune	25.1	1008.0	0.11
23-10-2021	Sunspire Dune	24.9	1008.1	0.11
24-10-2021	Sunspire Dune	24.8	1008.1	0.11
25-10-2021	Sunspire Dune	24.6	1008.1	0.11
26-10-2021	Sunspire Dune	24.5	1008.2	0.1
27-10-2021	Sunspire Dune	24.3	1008.2	0.1
28-10-2021	Sunspire Dune	24.2	1008.2	0.1
29-10-2021	Sunspire Dune	24.0	1008.2	0.09
30-10-2021	Sunspire Dune	23.9	1008.3	0.09
31-10-2021	Sunspire Dune	23.7	1008.3	0.09
01-11-2021	Sunspire Dune	23.6	1008.3	0.09
02-11-2021	Sunspire Dune	23.5	1008.4	0.08
03-11-2021	Sunspire Dune	23.3	1008.4	0.08
04-11-2021	Sunspire Dune	23.2	1008.4	0.08
05-11-2021	Sunspire Dune	23.1	1008.4	0.09
06-11-2021	Sunspire Dune	23.0	1008.5	0.09
07-11-2021	Sunspire Dune	22.9	1008.5	0.09
08-11-2021	Sunspire Dune	22.8	1008.5	0.1
09-11-2021	Sunspire Dune	22.6	1008.5	0.1
10-11-2021	Sunspire Dune	22.5	1008.6	0.1
11-11-2021	Sunspire Dune	22.4	1008.6	0.1
12-11-2021	Sunspire Dune	22.4	1008.6	0.11
13-11-2021	Sunspire Dune	22.3	1008.6	0.11
14-11-2021	Sunspire Dune	22.2	1008.7	0.11
15-11-2021	Sunspire Dune	22.1	1008.7	0.11
16-11-2021	Sunspire Dune	22.0	1008.7	0.11
17-11-2021	Sunspire Dune	21.9	1008.8	0.12
18-11-2021	Sunspire Dune	21.8	1008.8	0.12
19-11-2021	Sunspire Dune	21.8	1008.8	0.12
20-11-2021	Sunspire Dune	21.7	1008.8	0.12
21-11-2021	Sunspire Dune	21.6	1008.9	0.12
22-11-2021	Sunspire Dune	21.6	1008.9	0.12
23-11-2021	Sunspire Dune	21.5	1008.9	0.12
24-11-2021	Sunspire Dune	21.4	1008.9	0.12
25-11-2021	Sunspire Dune	21.4	1009.0	0.12
26-11-2021	Sunspire Dune	21.3	1009.0	0.12
27-11-2021	Sunspire Dune	21.3	1009.0	0.12
28-11-2021	Sunspire Dune	21.2	1009.0	0.12
29-11-2021	Sunspire Dune	21.2	1009.0	0.12
30-11-2021	Sunspire Dune	21.1	1009.1	0.11
01-12-2021	Sunspire Dune	21.1	1009.1	0.11
02-12-2021	Sunspire Dune	21.0	1009.1	0.11
03-12-2021	Sunspire Dune	21.0	1009.1	0.11
04-12-2021	Sunspire Dune	20.9	1009.2	0.11
05-12-2021	Sunspire Dune	20.9	1009.2	0.11
06-12-2021	Sunspire Dune	20.9	1009.2	0.1
07-12-2021	Sunspire Dune	20.8	1009.2	0.1
08-12-2021	Sunspire Dune	20.8	1009.3	0.1
09-12-2021	Sunspire Dune	20.8	1009.3	0.09
10-12-2021	Sunspire Dune	20.7	1009.3	0.09
11-12-2021	Sunspire Dune	20.7	1009.3	0.09
12-12-2021	Sunspire Dune	20.7	1009.4	0.09
13-12-2021	Sunspire Dune	20.6	1009.4	0.08
14-12-2021	Sunspire Dune	20.6	1009.4	0.08
15-12-2021	Sunspire Dune	20.6	1009.4	0.08
16-12-2021	Sunspire Dune	20.6	1009.4	0.09
17-12-2021	Sunspire Dune	20.5	1009.5	0.09
18-12-2021	Sunspire Dune	20.5	1009.5	0.09
19-12-2021	Sunspire Dune	20.5	1009.5	0.1
20-12-2021	Sunspire Dune	20.5	1009.5	0.1
21-12-2021	Sunspire Dune	20.5	1009.6	0.1
22-12-2021	Sunspire Dune	20.5	1009.6	0.1
23-12-2021	Sunspire Dune	20.4	1009.6	0.11
24-12-2021	Sunspire Dune	20.4	1009.6	0.11
25-12-2021	Sunspire Dune	20.4	1009.6	0.11
26-12-2021	Sunspire Dune	20.4	1009.7	0.11
27-12-2021	Sunspire Dune	20.4	1009.7	0.11
28-12-2021	Sunspire Dune	20.4	1009.7	0.12
29-12-2021	 Sunspire Dune 	20.4	1009.7	0.12
30-12-2021	Sunspire Dune	20.4	1009.7	0.12
31-12-2021	Sunspire Dune	20.4	1009.8	0.12
01-01-2022	Sunspire Dune	20.5	1009.8	0.12
02-01-2022	Sunspire Dune	20.5	1009.8	0.12
03-01-2022	Sunspire Dune	20.5	1009.8	0.12
04-01-2022	Sunspire Dune	20.5	1009.9	0.12
05-01-2022	Sunspire Dune	20.5	1009.9	0.12
06-01-2022	Sunspire Dune	20.5	1009.9	0.12
07-01-2022	Sunspire Dune	20.5	1009.9	0.12
08-01-2022	Sunspire Dune	20.5	1009.9	0.12
09-01-2022	Sunspire Dune	20.6	1009.9	0.12
10-01-2022	Sunspire Dune	20.6	1010.0	0.11
11-01-2022	Sunspire Dune	20.6	1010.0	0.11
12-01-2022	Sunspire Dune	20.6	1010.0	0.11
13-01-2022	Sunspire Dune	20.7	1010.0	0.11
14-01-2022	Sunspire Dune	20.7	1010.0	0.11
15-01-2022	Sunspire Dune	20.7	1010.1	0.1
16-01-2022	Sunspire Dune	20.8	1010.1	0.1
17-01-2022	Sunspire Dune	20.8	1010.1	0.1
18-01-2022	Sunspire Dune	20.9	1010.1	0.1
19-01-2022	Sunspire Dune	20.9	1010.1	0.09
20-01-2022	Sunspire Dune	21.0	1010.1	0.09
21-01-2022	Sunspire Dune	21.0	1010.2	0.09
22-01-2022	Sunspire Dune	21.1	1010.2	0.09
23-01-2022	Sunspire Dune	21.2	1010.2	0.08
24-01-2022	Sunspire Dune	21.2	1010.2	0.08
25-01-2022	Sunspire Dune	21.3	1010.2	0.08
26-01-2022	Sunspire Dune	21.4	1010.2	0.09
27-01-2022	Sunspire Dune	21.4	1010.2	0.09
28-01-2022	Sunspire Dune	21.5	1010.2	0.09
29-01-2022	Sunspire Dune	21.6	1010.3	0.1
30-01-2022	Sunspire Dune	21.7	1010.3	0.1
31-01-2022	Sunspire Dune	21.8	1010.3	0.1
01-02-2022	Sunspire Dune	21.8	1010.3	0.1
02-02-2022	Sunspire Dune	21.9	1010.3	0.11
03-02-2022	Sunspire Dune	22.0	1010.3	0.11
04-02-2022	Sunspire Dune	22.1	1010.3	0.11
05-02-2022	Sunspire Dune	22.2	1010.3	0.11
06-02-2022	Sunspire Dune	22.3	1010.3	0.11
07-02-2022	Sunspire Dune	22.4	1010.3	0.12
08-02-2022	Sunspire Dune	22.5	1010.4	0.12
09-02-2022	Sunspire Dune	22.7	1010.4	0.12
10-02-2022	Sunspire Dune	22.8	1010.4	0.12
11-02-2022	Sunspire Dune	22.9	1010.4	0.12
12-02-2022	Sunspire Dune	23.0	1010.4	0.12
13-02-2022	Sunspire Dune	23.1	1010.4	0.12
14-02-2022	Sunspire Dune	23.3	1010.4	0.12
15-02-2022	Sunspire Dune	23.4	1010.4	0.12
16-02-2022	Sunspire Dune	23.5	1010.4	0.12
17-02-2022	Sunspire Dune	23.7	1010.4	0.12
18-02-2022	Sunspire Dune	23.8	1010.4	0.12
19-02-2022	Sunspire Dune	23.9	1010.4	0.12
20-02-2022	Sunspire Dune	24.1	1010.4	0.11
21-02-2022	Sunspire Dune	24.2	1010.4	0.11
22-02-2022	Sunspire Dune	24.3	1010.4	0.11
23-02-2022	Sunspire Dune	24.5	1010.4	0.11
24-02-2022	Sunspire Dune	24.6	1010.4	0.11
25-02-2022	Sunspire Dune	24.8	1010.4	0.1
26-02-2022	Sunspire Dune	24.9	1010.4	0.1
27-02-2022	Sunspire Dune	25.1	1010.4	0.1
28-02-2022	Sunspire Dune	25.2	1010.4	0.1
01-03-2022	Sunspire Dune	25.4	1010.4	0.09
02-03-2022	Sunspire Dune	25.5	1010.4	0.09
03-03-2022	Sunspire Dune	25.7	1010.4	0.09
04-03-2022	Sunspire Dune	25.8	1010.3	0.08
05-03-2022	Sunspire Dune	26.0	1010.3	0.08
06-03-2022	Sunspire Dune	26.1	1010.3	0.08
07-03-2022	Sunspire Dune	26.3	1010.3	0.08
08-03-2022	Sunspire Dune	26.4	1010.3	0.09
09-03-2022	Sunspire Dune	26.6	1010.3	0.09
10-03-2022	Sunspire Dune	26.7	1010.3	0.09
11-03-2022	Sunspire Dune	26.9	1010.3	0.1
12-03-2022	Sunspire Dune	27.0	1010.3	0.1
13-03-2022	Sunspire Dune	27.2	1010.2	0.1
14-03-2022	Sunspire Dune	27.3	1010.2	0.1
15-03-2022	Sunspire Dune	27.5	1010.2	0.11
16-03-2022	Sunspire Dune	27.6	1010.2	0.11
17-03-2022	Sunspire Dune	27.7	1010.2	0.11
18-03-2022	Sunspire Dune	27.9	1010.1	0.11
19-03-2022	Sunspire Dune	28.0	1010.1	0.11
20-03-2022	Sunspire Dune	28.2	1010.1	0.12
21-03-2022	Sunspire Dune	28.3	1010.1	0.12
22-03-2022	Sunspire Dune	28.5	1010.1	0.12
23-03-2022	Sunspire Dune	28.6	1010.0	0.12
24-03-2022	Sunspire Dune	28.7	1010.0	0.12
25-03-2022	Sunspire Dune	28.9	1010.0	0.12
26-03-2022	Sunspire Dune	29.0	1010.0	0.12
27-03-2022	Sunspire Dune	29.1	1009.9	0.12
28-03-2022	Sunspire Dune	29.3	1009.9	0.12
29-03-2022	Sunspire Dune	29.4	1009.9	0.12
30-03-2022	Sunspire Dune	29.5	1009.8	0.12
31-03-2022	Sunspire Dune	29.7	1009.8	0.12
01-04-2022	Sunspire Dune	29.8	1009.8	0.12
02-04-2022	Sunspire Dune	29.9	1009.8	0.11
03-04-2022	Sunspire Dune	30.1	1009.7	0.11
04-04-2022	Sunspire Dune	30.2	1009.7	0.11
05-04-2022	Sunspire Dune	30.3	1009.7	0.11
06-04-2022	Sunspire Dune	30.4	1009.6	0.11
07-04-2022	Sunspire Dune	30.5	1009.6	0.1
08-04-2022	Sunspire Dune	30.7	1009.5	0.1
09-04-2022	Sunspire Dune	30.8	1009.5	0.1
10-04-2022	Sunspire Dune	30.9	1009.5	0.1
11-04-2022	Sunspire Dune	31.0	1009.4	0.09
12-04-2022	Sunspire Dune	31.1	1009.4	0.09
13-04-2022	Sunspire Dune	31.2	1009.4	0.09
14-04-2022	Sunspire Dune	31.4	1009.3	0.08
15-04-2022	Sunspire Dune	31.5	1009.3	0.08
16-04-2022	Sunspire Dune	31.6	1009.2	0.08
17-04-2022	Sunspire Dune	31.7	1009.2	0.09
18-04-2022	Sunspire Dune	31.8	1009.2	0.09
19-04-2022	Sunspire Dune	31.9	1009.1	0.09
20-04-2022	Sunspire Dune	32.0	1009.1	0.09
21-04-2022	Sunspire Dune	32.1	1009.0	0.1
22-04-2022	Sunspire Dune	32.3	1009.0	0.1
23-04-2022	Sunspire Dune	32.4	1008.9	0.1
24-04-2022	Sunspire Dune	32.5	1008.9	0.1
25-04-2022	Sunspire Dune	32.6	1008.8	0.11
26-04-2022	Sunspire Dune	32.7	1008.8	0.11
27-04-2022	Sunspire Dune	32.8	1008.8	0.11
28-04-2022	Sunspire Dune	32.9	1008.7	0.11
29-04-2022	Sunspire Dune	33.0	1008.7	0.11
30-04-2022	Sunspire Dune	33.1	1008.6	0.12
01-05-2022	Sunspire Dune	33.3	1008.6	0.12
02-05-2022	Sunspire Dune	33.4	1008.5	0.12
03-05-2022	Sunspire Dune	33.5	1008.5	0.12
04-05-2022	Sunspire Dune	33.6	1008.4	0.12
05-05-2022	Sunspire Dune	33.7	1008.4	0.12
06-05-2022	Sunspire Dune	33.8	1008.3	0.12
07-05-2022	Sunspire Dune	33.9	1008.3	0.12
08-05-2022	Sunspire Dune	34.1	1008.2	0.12
09-05-2022	Sunspire Dune	34.2	1008.2	0.12
10-05-2022	Sunspire Dune	34.3	1008.1	0.12
11-05-2022	Sunspire Dune	34.4	1008.1	0.12
12-05-2022	Sunspire Dune	34.5	1008.0	0.12
13-05-2022	Sunspire Dune	34.7	1008.0	0.11
14-05-2022	Sunspire Dune	34.8	1007.9	0.11
15-05-2022	Sunspire Dune	34.9	1007.9	0.11
16-05-2022	Sunspire Dune	35.0	1007.8	0.11
17-05-2022	Sunspire Dune	35.2	1007.8	0.11
18-05-2022	Sunspire Dune	35.3	1007.7	0.1
19-05-2022	Sunspire Dune	35.4	1007.7	0.1
20-05-2022	Sunspire Dune	35.5	1007.6	0.1
21-05-2022	Sunspire Dune	35.7	1007.6	0.1
22-05-2022	Sunspire Dune	35.8	1007.5	0.09
23-05-2022	Sunspire Dune	35.9	1007.5	0.09
24-05-2022	Sunspire Dune	36.1	1007.4	0.09
25-05-2022	Sunspire Dune	36.2	1007.4	0.08
26-05-2022	Sunspire Dune	36.3	1007.3	0.08
27-05-2022	Sunspire Dune	36.4	1007.3	0.08
28-05-2022	Sunspire Dune	36.6	1007.2	0.09
29-05-2022	Sunspire Dune	36.7	1007.2	0.09
30-05-2022	Sunspire Dune	36.8	1007.1	0.09
31-05-2022	Sunspire Dune	37.0	1007.1	0.09
01-06-2022	Sunspire Dune	37.1	1007.0	0.1
02-06-2022	Sunspire Dune	37.2	1007.0	0.1
03-06-2022	Sunspire Dune	37.4	1006.9	0.1
04-06-2022	Sunspire Dune	37.5	1006.9	0.11
05-06-2022	Sunspire Dune	37.6	1006.8	0.11
06-06-2022	Sunspire Dune	37.8	1006.8	0.11
07-06-2022	Sunspire Dune	37.9	1006.7	0.11
08-06-2022	Sunspire Dune	38.0	1006.7	0.11
09-06-2022	Sunspire Dune	38.1	1006.7	0.11
10-06-2022	Sunspire Dune	38.3	1006.6	0.12
11-06-2022	Sunspire Dune	38.4	1006.6	0.12
12-06-2022	Sunspire Dune	38.5	1006.5	0.12
13-06-2022	Sunspire Dune	38.6	1006.5	0.12
14-06-2022	Sunspire Dune	38.7	1006.4	0.12
15-06-2022	Sunspire Dune	38.8	1006.4	0.12
16-06-2022	Sunspire Dune	39.0	1006.4	0.12
17-06-2022	Sunspire Dune	39.1	1006.3	0.12
18-06-2022	Sunspire Dune	39.2	1006.3	0.12
19-06-2022	Sunspire Dune	39.3	1006.3	0.12
20-06-2022	Sunspire Dune	39.4	1006.2	0.12
21-06-2022	Sunspire Dune	39.5	1006.2	0.12
22-06-2022	Sunspire Dune	39.6	1006.1	0.12
23-06-2022	Sunspire Dune	39.7	1006.1	0.11
24-06-2022	Sunspire Dune	39.7	1006.1	0.11
25-06-2022	Sunspire Dune	39.8	1006.0	0.11
26-06-2022	Sunspire Dune	39.9	1006.0	0.11
27-06-2022	Sunspire Dune	40.0	1006.0	0.11
28-06-2022	Sunspire Dune	40.1	1006.0	0.1
29-06-2022	Sunspire Dune	40.1	1005.9	0.1
30-06-2022	Sunspire Dune	40.2	1005.9	0.1
01-07-2022	Sunspire Dune	40.2	1005.9	0.59
02-07-2022	Sunspire Dune	40.3	1005.8	0.63
03-07-2022	Sunspire Dune	40.3	1005.8	0.66
04-07-2022	Sunspire Dune	40.4	1005.8	0.69
05-07-2022	Sunspire Dune	40.4	1005.8	0.71
06-07-2022	Sunspire Dune	40.5	1005.8	0.72
07-07-2022	Sunspire Dune	40.5	1005.7	0.73
08-07-2022	Sunspire Dune	40.5	1005.7	0.74
09-07-2022	Sunspire Dune	40.5	1005.7	0.73
10-07-2022	Sunspire Dune	40.6	1005.7	0.72
11-07-2022	Sunspire Dune	40.6	1005.7	0.7
12-07-2022	Sunspire Dune	40.6	1005.7	0.68
13-07-2022	Sunspire Dune	40.6	1005.6	0.64
14-07-2022	Sunspire Dune	40.6	1005.6	0.61
15-07-2022	Sunspire Dune	40.5	1005.6	0.57
16-07-2022	Sunspire Dune	40.5	1005.6	0.54
17-07-2022	Sunspire Dune	40.5	1005.6	0.5
18-07-2022	Sunspire Dune	40.5	1005.6	0.46
19-07-2022	Sunspire Dune	40.4	1005.6	0.43
20-07-2022	Sunspire Dune	40.4	1005.6	0.41
21-07-2022	Sunspire Dune	40.4	1005.6	0.39
22-07-2022	Sunspire Dune	40.3	1005.6	0.37
23-07-2022	Sunspire Dune	40.3	1005.6	0.37
24-07-2022	Sunspire Dune	40.2	1005.5	0.37
25-07-2022	Sunspire Dune	40.1	1005.5	0.38
26-07-2022	Sunspire Dune	40.1	1005.5	0.4
27-07-2022	Sunspire Dune	40.0	1005.5	0.42
28-07-2022	Sunspire Dune	39.9	1005.5	0.45
29-07-2022	Sunspire Dune	39.8	1005.6	0.49
30-07-2022	Sunspire Dune	39.7	1005.6	0.52
31-07-2022	Sunspire Dune	39.6	1005.6	0.56
01-08-2022	Sunspire Dune	39.5	1005.6	0.6
02-08-2022	Sunspire Dune	39.4	1005.6	0.64
03-08-2022	Sunspire Dune	39.3	1005.6	0.67
04-08-2022	Sunspire Dune	39.2	1005.6	0.7
05-08-2022	Sunspire Dune	39.1	1005.6	0.72
06-08-2022	Sunspire Dune	39.0	1005.6	0.74
07-08-2022	Sunspire Dune	38.9	1005.6	0.75
08-08-2022	Sunspire Dune	38.7	1005.6	0.75
09-08-2022	Sunspire Dune	38.6	1005.7	0.75
10-08-2022	Sunspire Dune	38.5	1005.7	0.73
11-08-2022	Sunspire Dune	38.3	1005.7	0.71
12-08-2022	Sunspire Dune	38.2	1005.7	0.68
13-08-2022	Sunspire Dune	38.1	1005.7	0.65
14-08-2022	Sunspire Dune	37.9	1005.7	0.61
15-08-2022	Sunspire Dune	37.8	1005.8	0.57
16-08-2022	Sunspire Dune	37.6	1005.8	0.53
17-08-2022	Sunspire Dune	37.5	1005.8	0.49
18-08-2022	Sunspire Dune	37.3	1005.8	0.45
19-08-2022	Sunspire Dune	37.1	1005.8	0.42
20-08-2022	Sunspire Dune	37.0	1005.9	0.4
21-08-2022	Sunspire Dune	36.8	1005.9	0.37
22-08-2022	Sunspire Dune	36.7	1005.9	0.36
23-08-2022	Sunspire Dune	36.5	1005.9	0.35
24-08-2022	Sunspire Dune	36.3	1006.0	0.35
25-08-2022	Sunspire Dune	36.2	1006.0	0.36
26-08-2022	Sunspire Dune	36.0	1006.0	0.38
27-08-2022	Sunspire Dune	35.8	1006.0	0.4
28-08-2022	Sunspire Dune	35.7	1006.1	0.43
29-08-2022	Sunspire Dune	35.5	1006.1	0.47
30-08-2022	Sunspire Dune	35.3	1006.1	0.5
31-08-2022	Sunspire Dune	35.1	1006.2	0.54
01-09-2022	Sunspire Dune	35.0	1006.2	0.58
02-09-2022	Sunspire Dune	34.8	1006.2	0.62
03-09-2022	Sunspire Dune	34.6	1006.3	0.66
04-09-2022	Sunspire Dune	34.4	1006.3	0.7
05-09-2022	Sunspire Dune	34.3	1006.3	0.72
06-09-2022	Sunspire Dune	34.1	1006.4	0.75
07-09-2022	Sunspire Dune	33.9	1006.4	0.76
08-09-2022	Sunspire Dune	33.7	1006.4	0.77
09-09-2022	Sunspire Dune	33.5	1006.5	0.77
10-09-2022	Sunspire Dune	33.4	1006.5	0.76
11-09-2022	Sunspire Dune	33.2	1006.6	0.74
12-09-2022	Sunspire Dune	33.0	1006.6	0.72
13-09-2022	Sunspire Dune	32.8	1006.6	0.69
14-09-2022	Sunspire Dune	32.7	1006.7	0.65
15-09-2022	Sunspire Dune	32.5	1006.7	0.61
16-09-2022	Sunspire Dune	32.3	1006.7	0.57
17-09-2022	Sunspire Dune	32.1	1006.8	0.53
18-09-2022	Sunspire Dune	32.0	1006.8	0.49
19-09-2022	Sunspire Dune	31.8	1006.9	0.45
20-09-2022	Sunspire Dune	31.6	1006.9	0.41
21-09-2022	Sunspire Dune	31.4	1006.9	0.38
22-09-2022	Sunspire Dune	31.2	1007.0	0.36
23-09-2022	Sunspire Dune	31.1	1007.0	0.34
24-09-2022	Sunspire Dune	30.9	1007.1	0.34
25-09-2022	Sunspire Dune	30.7	1007.1	0.34
26-09-2022	Sunspire Dune	30.6	1007.1	0.34
27-09-2022	Sunspire Dune	30.4	1007.2	0.37
28-09-2022	Sunspire Dune	30.2	1007.2	0.39
29-09-2022	Sunspire Dune	30.0	1007.3	0.43
30-09-2022	Sunspire Dune	29.9	1007.3	0.47
01-10-2022	Sunspire Dune	29.7	1007.4	0.1
02-10-2022	Sunspire Dune	29.5	1007.4	0.1
03-10-2022	Sunspire Dune	29.3	1007.4	0.1
04-10-2022	Sunspire Dune	29.2	1007.5	0.1
05-10-2022	Sunspire Dune	29.0	1007.5	0.11
06-10-2022	Sunspire Dune	28.8	1007.6	0.11
07-10-2022	Sunspire Dune	28.7	1007.6	0.11
08-10-2022	Sunspire Dune	28.5	1007.6	0.11
09-10-2022	Sunspire Dune	28.3	1007.7	0.11
10-10-2022	Sunspire Dune	28.1	1007.7	0.12
11-10-2022	Sunspire Dune	28.0	1007.8	0.12
12-10-2022	Sunspire Dune	27.8	1007.8	0.12
13-10-2022	Sunspire Dune	27.6	1007.8	0.12
14-10-2022	Sunspire Dune	27.5	1007.9	0.12
15-10-2022	Sunspire Dune	27.3	1007.9	0.12
16-10-2022	Sunspire Dune	27.1	1008.0	0.12
17-10-2022	Sunspire Dune	27.0	1008.0	0.12
18-10-2022	Sunspire Dune	26.8	1008.0	0.12
19-10-2022	Sunspire Dune	26.6	1008.1	0.12
20-10-2022	Sunspire Dune	26.4	1008.1	0.12
21-10-2022	Sunspire Dune	26.3	1008.2	0.12
22-10-2022	Sunspire Dune	26.1	1008.2	0.12
23-10-2022	Sunspire Dune	25.9	1008.2	0.11
24-10-2022	Sunspire Dune	25.8	1008.3	0.11
25-10-2022	Sunspire Dune	25.6	1008.3	0.11
26-10-2022	Sunspire Dune	25.4	1008.3	0.11
27-10-2022	Sunspire Dune	25.3	1008.4	0.11
28-10-2022	Sunspire Dune	25.1	1008.4	0.1
29-10-2022	Sunspire Dune	24.9	1008.4	0.1
30-10-2022	Sunspire Dune	24.8	1008.5	0.1
31-10-2022	Sunspire Dune	24.6	1008.5	0.1
01-11-2022	Sunspire Dune	24.5	1008.6	0.09
02-11-2022	Sunspire Dune	24.3	1008.6	0.09
03-11-2022	Sunspire Dune	24.1	1008.6	0.09
04-11-2022	Sunspire Dune	24.0	1008.7	0.08
05-11-2022	Sunspire Dune	23.8	1008.7	0.08
06-11-2022	Sunspire Dune	23.7	1008.7	0.08
07-11-2022	Sunspire Dune	23.5	1008.8	0.08
08-11-2022	Sunspire Dune	23.3	1008.8	0.09
09-11-2022	Sunspire Dune	23.2	1008.8	0.09
10-11-2022	Sunspire Dune	23.0	1008.8	0.09
11-11-2022	Sunspire Dune	22.9	1008.9	0.1
12-11-2022	Sunspire Dune	22.8	1008.9	0.1
13-11-2022	Sunspire Dune	22.6	1008.9	0.1
14-11-2022	Sunspire Dune	22.5	1009.0	0.1
15-11-2022	Sunspire Dune	22.3	1009.0	0.11
16-11-2022	Sunspire Dune	22.2	1009.0	0.11
17-11-2022	Sunspire Dune	22.0	1009.1	0.11
18-11-2022	Sunspire Dune	21.9	1009.1	0.11
19-11-2022	Sunspire Dune	21.8	1009.1	0.11
20-11-2022	Sunspire Dune	21.7	1009.1	0.12
21-11-2022	Sunspire Dune	21.5	1009.2	0.12
22-11-2022	Sunspire Dune	21.4	1009.2	0.12
23-11-2022	Sunspire Dune	21.3	1009.2	0.12
24-11-2022	Sunspire Dune	21.2	1009.2	0.12
25-11-2022	Sunspire Dune	21.1	1009.3	0.12
26-11-2022	Sunspire Dune	21.0	1009.3	0.12
27-11-2022	Sunspire Dune	20.9	1009.3	0.12
28-11-2022	Sunspire Dune	20.8	1009.3	0.12
29-11-2022	Sunspire Dune	20.7	1009.4	0.12
30-11-2022	Sunspire Dune	20.6	1009.4	0.12
01-12-2022	Sunspire Dune	20.5	1009.4	0.12
02-12-2022	Sunspire Dune	20.4	1009.4	0.12
03-12-2022	Sunspire Dune	20.3	1009.4	0.11
04-12-2022	Sunspire Dune	20.2	1009.5	0.11
05-12-2022	Sunspire Dune	20.2	1009.5	0.11
06-12-2022	Sunspire Dune	20.1	1009.5	0.11
07-12-2022	Sunspire Dune	20.0	1009.5	0.11
08-12-2022	Sunspire Dune	20.0	1009.5	0.1
09-12-2022	Sunspire Dune	19.9	1009.6	0.1
10-12-2022	Sunspire Dune	19.9	1009.6	0.1
11-12-2022	Sunspire Dune	19.8	1009.6	0.1
12-12-2022	Sunspire Dune	19.8	1009.6	0.09
13-12-2022	Sunspire Dune	19.7	1009.6	0.09
14-12-2022	Sunspire Dune	19.7	1009.6	0.09
15-12-2022	Sunspire Dune	19.7	1009.7	0.08
16-12-2022	Sunspire Dune	19.7	1009.7	0.08
17-12-2022	Sunspire Dune	19.6	1009.7	0.08
18-12-2022	Sunspire Dune	19.6	1009.7	0.08
19-12-2022	Sunspire Dune	19.6	1009.7	0.09
20-12-2022	Sunspire Dune	19.6	1009.7	0.09
21-12-2022	Sunspire Dune	19.6	1009.8	0.09
22-12-2022	Sunspire Dune	19.6	1009.8	0.1
23-12-2022	Sunspire Dune	19.6	1009.8	0.1
24-12-2022	Sunspire Dune	19.7	1009.8	0.1
25-12-2022	Sunspire Dune	19.7	1009.8	0.1
26-12-2022	Sunspire Dune	19.7	1009.8	0.11
27-12-2022	Sunspire Dune	19.7	1009.8	0.11
28-12-2022	Sunspire Dune	19.8	1009.9	0.11
29-12-2022	Sunspire Dune	19.8	1009.9	0.11
30-12-2022	Sunspire Dune	19.8	1009.9	0.11
31-12-2022	Sunspire Dune	19.9	1009.9	0.12
01-01-2023	Sunspire Dune	20.0	1009.9	0.12
02-01-2023	Sunspire Dune	20.0	1009.9	0.12
03-01-2023	Sunspire Dune	20.1	1009.9	0.12
04-01-2023	Sunspire Dune	20.2	1009.9	0.12
05-01-2023	Sunspire Dune	20.2	1009.9	0.12
06-01-2023	Sunspire Dune	20.3	1010.0	0.12
07-01-2023	Sunspire Dune	20.4	1010.0	0.12
08-01-2023	Sunspire Dune	20.4	1010.0	0.12
09-01-2023	Sunspire Dune	20.5	1010.0	0.12
10-01-2023	Sunspire Dune	20.6	1010.0	0.12
11-01-2023	Sunspire Dune	20.7	1010.0	0.12
12-01-2023	Sunspire Dune	20.8	1010.0	0.12
13-01-2023	Sunspire Dune	20.9	1010.0	0.11
14-01-2023	Sunspire Dune	20.9	1010.0	0.11
15-01-2023	Sunspire Dune	21.0	1010.0	0.11
16-01-2023	Sunspire Dune	21.1	1010.0	0.11
17-01-2023	Sunspire Dune	21.2	1010.0	0.11
18-01-2023	Sunspire Dune	21.3	1010.0	0.1
19-01-2023	Sunspire Dune	21.4	1010.1	0.1
20-01-2023	Sunspire Dune	21.5	1010.1	0.1
21-01-2023	Sunspire Dune	21.6	1010.1	0.1
22-01-2023	Sunspire Dune	21.7	1010.1	0.09
23-01-2023	Sunspire Dune	21.8	1010.1	0.09
24-01-2023	Sunspire Dune	21.9	1010.1	0.09
25-01-2023	Sunspire Dune	22.0	1010.1	0.08
26-01-2023	Sunspire Dune	22.2	1010.1	0.08
27-01-2023	Sunspire Dune	22.3	1010.1	0.08
28-01-2023	Sunspire Dune	22.4	1010.1	0.09
29-01-2023	Sunspire Dune	22.5	1010.1	0.09
30-01-2023	Sunspire Dune	22.6	1010.1	0.09
31-01-2023	Sunspire Dune	22.7	1010.1	0.09
01-02-2023	Sunspire Dune	22.8	1010.1	0.1
02-02-2023	Sunspire Dune	22.9	1010.1	0.1
03-02-2023	Sunspire Dune	23.0	1010.1	0.1
04-02-2023	Sunspire Dune	23.1	1010.1	0.1
05-02-2023	Sunspire Dune	23.2	1010.1	0.11
06-02-2023	Sunspire Dune	23.3	1010.1	0.11
07-02-2023	Sunspire Dune	23.4	1010.1	0.11
08-02-2023	Sunspire Dune	23.6	1010.1	0.11
09-02-2023	Sunspire Dune	23.7	1010.1	0.11
10-02-2023	Sunspire Dune	23.8	1010.1	0.12
11-02-2023	Sunspire Dune	23.9	1010.1	0.12
12-02-2023	Sunspire Dune	24.0	1010.1	0.12
13-02-2023	Sunspire Dune	24.1	1010.1	0.12
14-02-2023	Sunspire Dune	24.2	1010.1	0.12
15-02-2023	Sunspire Dune	24.3	1010.1	0.12
16-02-2023	Sunspire Dune	24.4	1010.1	0.12
17-02-2023	Sunspire Dune	24.5	1010.1	0.12
18-02-2023	Sunspire Dune	24.6	1010.1	0.12
19-02-2023	Sunspire Dune	24.7	1010.1	0.12
20-02-2023	Sunspire Dune	24.8	1010.1	0.12
21-02-2023	Sunspire Dune	24.9	1010.1	0.12
22-02-2023	Sunspire Dune	25.0	1010.1	0.12
23-02-2023	Sunspire Dune	25.1	1010.1	0.11
24-02-2023	Sunspire Dune	25.2	1010.1	0.11
25-02-2023	Sunspire Dune	25.2	1010.1	0.11
26-02-2023	Sunspire Dune	25.3	1010.1	0.11
27-02-2023	Sunspire Dune	25.4	1010.1	0.11
28-02-2023	Sunspire Dune	25.5	1010.1	0.1
01-03-2023	Sunspire Dune	25.6	1010.1	0.1
02-03-2023	Sunspire Dune	25.7	1010.1	0.1
03-03-2023	Sunspire Dune	25.8	1010.0	0.1
04-03-2023	Sunspire Dune	25.9	1010.0	0.09
05-03-2023	Sunspire Dune	26.0	1010.0	0.09
06-03-2023	Sunspire Dune	26.1	1010.0	0.09
07-03-2023	Sunspire Dune	26.2	1010.0	0.08
08-03-2023	Sunspire Dune	26.3	1010.0	0.08
09-03-2023	Sunspire Dune	26.4	1010.0	0.08
10-03-2023	Sunspire Dune	26.5	1010.0	0.09
11-03-2023	Sunspire Dune	26.6	1010.0	0.09
12-03-2023	Sunspire Dune	26.7	1010.0	0.09
13-03-2023	Sunspire Dune	26.7	1009.9	0.09
14-03-2023	Sunspire Dune	26.8	1009.9	0.1
15-03-2023	Sunspire Dune	26.9	1009.9	0.1
16-03-2023	Sunspire Dune	27.0	1009.9	0.1
17-03-2023	Sunspire Dune	27.1	1009.9	0.11
18-03-2023	Sunspire Dune	27.3	1009.9	0.11
19-03-2023	Sunspire Dune	27.4	1009.9	0.11
20-03-2023	Sunspire Dune	27.5	1009.8	0.11
21-03-2023	Sunspire Dune	27.6	1009.8	0.11
22-03-2023	Sunspire Dune	27.7	1009.8	0.12
23-03-2023	Sunspire Dune	27.8	1009.8	0.12
24-03-2023	Sunspire Dune	27.9	1009.8	0.12
25-03-2023	Sunspire Dune	28.0	1009.8	0.12
26-03-2023	Sunspire Dune	28.1	1009.7	0.12
27-03-2023	Sunspire Dune	28.2	1009.7	0.12
28-03-2023	Sunspire Dune	28.4	1009.7	0.12
29-03-2023	Sunspire Dune	28.5	1009.7	0.12
30-03-2023	Sunspire Dune	28.6	1009.7	0.12
31-03-2023	Sunspire Dune	28.7	1009.6	0.12
01-04-2023	Sunspire Dune	28.9	1009.6	0.12
02-04-2023	Sunspire Dune	29.0	1009.6	0.12
03-04-2023	Sunspire Dune	29.1	1009.6	0.12
04-04-2023	Sunspire Dune	29.2	1009.5	0.12
05-04-2023	Sunspire Dune	29.4	1009.5	0.11
06-04-2023	Sunspire Dune	29.5	1009.5	0.11
07-04-2023	Sunspire Dune	29.7	1009.5	0.11
08-04-2023	Sunspire Dune	29.8	1009.4	0.11
09-04-2023	Sunspire Dune	29.9	1009.4	0.11
10-04-2023	Sunspire Dune	30.1	1009.4	0.1
11-04-2023	Sunspire Dune	30.2	1009.4	0.1
12-04-2023	Sunspire Dune	30.4	1009.3	0.1
13-04-2023	Sunspire Dune	30.5	1009.3	0.09
14-04-2023	Sunspire Dune	30.7	1009.3	0.09
15-04-2023	Sunspire Dune	30.8	1009.2	0.09
16-04-2023	Sunspire Dune	31.0	1009.2	0.09
17-04-2023	Sunspire Dune	31.2	1009.2	0.08
18-04-2023	Sunspire Dune	31.3	1009.1	0.08
19-04-2023	Sunspire Dune	31.5	1009.1	0.08
20-04-2023	Sunspire Dune	31.6	1009.1	0.09
21-04-2023	Sunspire Dune	31.8	1009.0	0.09
22-04-2023	Sunspire Dune	32.0	1009.0	0.09
23-04-2023	Sunspire Dune	32.1	1009.0	0.1
24-04-2023	Sunspire Dune	32.3	1008.9	0.1
25-04-2023	Sunspire Dune	32.5	1008.9	0.1
26-04-2023	Sunspire Dune	32.6	1008.9	0.1
27-04-2023	Sunspire Dune	32.8	1008.8	0.11
28-04-2023	Sunspire Dune	33.0	1008.8	0.11
29-04-2023	Sunspire Dune	33.1	1008.7	0.11
30-04-2023	Sunspire Dune	33.3	1008.7	0.11
01-05-2023	Sunspire Dune	33.5	1008.7	0.11
02-05-2023	Sunspire Dune	33.7	1008.6	0.12
03-05-2023	Sunspire Dune	33.8	1008.6	0.12
04-05-2023	Sunspire Dune	34.0	1008.5	0.12
05-05-2023	Sunspire Dune	34.2	1008.5	0.12
06-05-2023	Sunspire Dune	34.3	1008.5	0.12
07-05-2023	Sunspire Dune	34.5	1008.4	0.12
08-05-2023	Sunspire Dune	34.7	1008.4	0.12
09-05-2023	Sunspire Dune	34.8	1008.3	0.12
10-05-2023	Sunspire Dune	35.0	1008.3	0.12
11-05-2023	Sunspire Dune	35.1	1008.3	0.12
12-05-2023	Sunspire Dune	35.3	1008.2	0.12
13-05-2023	Sunspire Dune	35.5	1008.2	0.12
14-05-2023	Sunspire Dune	35.6	1008.1	0.12
15-05-2023	Sunspire Dune	35.8	1008.1	0.11
16-05-2023	Sunspire Dune	35.9	1008.0	0.11
17-05-2023	Sunspire Dune	36.1	1008.0	0.11
18-05-2023	Sunspire Dune	36.2	1008.0	0.11
19-05-2023	Sunspire Dune	36.4	1007.9	0.11
20-05-2023	Sunspire Dune	36.5	1007.9	0.1
21-05-2023	Sunspire Dune	36.7	1007.8	0.1
22-05-2023	Sunspire Dune	36.8	1007.8	0.1
23-05-2023	Sunspire Dune	36.9	1007.7	0.1
24-05-2023	Sunspire Dune	37.1	1007.7	0.09
25-05-2023	Sunspire Dune	37.2	1007.6	0.09
26-05-2023	Sunspire Dune	37.3	1007.6	0.09
27-05-2023	Sunspire Dune	37.5	1007.5	0.09
28-05-2023	Sunspire Dune	37.6	1007.5	0.08
29-05-2023	Sunspire Dune	37.7	1007.5	0.08
30-05-2023	Sunspire Dune	37.8	1007.4	0.08
31-05-2023	Sunspire Dune	37.9	1007.4	0.09
01-06-2023	Sunspire Dune	38.0	1007.3	0.09
02-06-2023	Sunspire Dune	38.1	1007.3	0.09
03-06-2023	Sunspire Dune	38.2	1007.2	0.1
04-06-2023	Sunspire Dune	38.3	1007.2	0.1
05-06-2023	Sunspire Dune	38.4	1007.1	0.1
06-06-2023	Sunspire Dune	38.5	1007.1	0.1
07-06-2023	Sunspire Dune	38.6	1007.0	0.11
08-06-2023	Sunspire Dune	38.7	1007.0	0.11
09-06-2023	Sunspire Dune	38.8	1007.0	0.11
10-06-2023	Sunspire Dune	38.9	1006.9	0.11
11-06-2023	Sunspire Dune	38.9	1006.9	0.11
12-06-2023	Sunspire Dune	39.0	1006.8	0.12
13-06-2023	Sunspire Dune	39.1	1006.8	0.12
14-06-2023	Sunspire Dune	39.1	1006.7	0.12
15-06-2023	Sunspire Dune	39.2	1006.7	0.12
16-06-2023	Sunspire Dune	39.2	1006.7	0.12
17-06-2023	Sunspire Dune	39.3	1006.6	0.12
18-06-2023	Sunspire Dune	39.3	1006.6	0.12
19-06-2023	Sunspire Dune	39.4	1006.5	0.12
20-06-2023	Sunspire Dune	39.4	1006.5	0.12
21-06-2023	Sunspire Dune	39.5	1006.5	0.12
22-06-2023	Sunspire Dune	39.5	1006.4	0.12
23-06-2023	Sunspire Dune	39.6	1006.4	0.12
24-06-2023	Sunspire Dune	39.6	1006.3	0.12
25-06-2023	Sunspire Dune	39.6	1006.3	0.11
26-06-2023	Sunspire Dune	39.6	1006.3	0.11
27-06-2023	Sunspire Dune	39.7	1006.2	0.11
28-06-2023	Sunspire Dune	39.7	1006.2	0.11
29-06-2023	Sunspire Dune	39.7	1006.2	0.11
30-06-2023	Sunspire Dune	39.7	1006.1	0.1
01-07-2023	Sunspire Dune	39.7	1006.1	0.38
02-07-2023	Sunspire Dune	39.7	1006.1	0.36
03-07-2023	Sunspire Dune	39.7	1006.0	0.35
04-07-2023	Sunspire Dune	39.7	1006.0	0.34
05-07-2023	Sunspire Dune	39.7	1006.0	0.35
06-07-2023	Sunspire Dune	39.7	1005.9	0.36
07-07-2023	Sunspire Dune	39.7	1005.9	0.37
08-07-2023	Sunspire Dune	39.7	1005.9	0.4
09-07-2023	Sunspire Dune	39.7	1005.9	0.43
10-07-2023	Sunspire Dune	39.7	1005.8	0.47
11-07-2023	Sunspire Dune	39.7	1005.8	0.51
12-07-2023	Sunspire Dune	39.7	1005.8	0.55
13-07-2023	Sunspire Dune	39.7	1005.8	0.59
14-07-2023	Sunspire Dune	39.7	1005.7	0.63
15-07-2023	Sunspire Dune	39.6	1005.7	0.67
16-07-2023	Sunspire Dune	39.6	1005.7	0.7
17-07-2023	Sunspire Dune	39.6	1005.7	0.73
18-07-2023	Sunspire Dune	39.6	1005.7	0.75
19-07-2023	Sunspire Dune	39.5	1005.6	0.76
20-07-2023	Sunspire Dune	39.5	1005.6	0.76
21-07-2023	Sunspire Dune	39.5	1005.6	0.75
22-07-2023	Sunspire Dune	39.4	1005.6	0.74
23-07-2023	Sunspire Dune	39.4	1005.6	0.72
24-07-2023	Sunspire Dune	39.4	1005.6	0.69
25-07-2023	Sunspire Dune	39.3	1005.6	0.66
26-07-2023	Sunspire Dune	39.3	1005.5	0.63
27-07-2023	Sunspire Dune	39.2	1005.5	0.59
28-07-2023	Sunspire Dune	39.2	1005.5	0.55
29-07-2023	Sunspire Dune	39.1	1005.5	0.51
30-07-2023	Sunspire Dune	39.1	1005.5	0.47
31-07-2023	Sunspire Dune	39.0	1005.5	0.44
01-08-2023	Sunspire Dune	39.0	1005.5	0.41
02-08-2023	Sunspire Dune	38.9	1005.5	0.39
03-08-2023	Sunspire Dune	38.9	1005.5	0.37
04-08-2023	Sunspire Dune	38.8	1005.5	0.37
05-08-2023	Sunspire Dune	38.7	1005.5	0.37
06-08-2023	Sunspire Dune	38.7	1005.5	0.37
07-08-2023	Sunspire Dune	38.6	1005.5	0.39
08-08-2023	Sunspire Dune	38.5	1005.5	0.41
09-08-2023	Sunspire Dune	38.5	1005.5	0.44
10-08-2023	Sunspire Dune	38.4	1005.5	0.47
11-08-2023	Sunspire Dune	38.3	1005.5	0.51
12-08-2023	Sunspire Dune	38.2	1005.5	0.54
13-08-2023	Sunspire Dune	38.1	1005.5	0.58
14-08-2023	Sunspire Dune	38.0	1005.6	0.62
15-08-2023	Sunspire Dune	37.9	1005.6	0.65
16-08-2023	Sunspire Dune	37.9	1005.6	0.68
17-08-2023	Sunspire Dune	37.8	1005.6	0.7
18-08-2023	Sunspire Dune	37.7	1005.6	0.72
19-08-2023	Sunspire Dune	37.5	1005.6	0.73
20-08-2023	Sunspire Dune	37.4	1005.6	0.73
21-08-2023	Sunspire Dune	37.3	1005.7	0.73
22-08-2023	Sunspire Dune	37.2	1005.7	0.73
23-08-2023	Sunspire Dune	37.1	1005.7	0.71
24-08-2023	Sunspire Dune	37.0	1005.7	0.69
25-08-2023	Sunspire Dune	36.8	1005.7	0.66
26-08-2023	Sunspire Dune	36.7	1005.8	0.62
27-08-2023	Sunspire Dune	36.6	1005.8	0.59
28-08-2023	Sunspire Dune	36.4	1005.8	0.55
29-08-2023	Sunspire Dune	36.3	1005.8	0.51
30-08-2023	Sunspire Dune	36.2	1005.9	0.48
31-08-2023	Sunspire Dune	36.0	1005.9	0.45
01-09-2023	Sunspire Dune	35.9	1005.9	0.42
02-09-2023	Sunspire Dune	35.7	1005.9	0.39
03-09-2023	Sunspire Dune	35.6	1006.0	0.38
04-09-2023	Sunspire Dune	35.4	1006.0	0.37
05-09-2023	Sunspire Dune	35.2	1006.0	0.37
06-09-2023	Sunspire Dune	35.1	1006.1	0.38
07-09-2023	Sunspire Dune	34.9	1006.1	0.39
08-09-2023	Sunspire Dune	34.7	1006.1	0.41
09-09-2023	Sunspire Dune	34.5	1006.2	0.44
10-09-2023	Sunspire Dune	34.3	1006.2	0.47
11-09-2023	Sunspire Dune	34.2	1006.2	0.51
12-09-2023	Sunspire Dune	34.0	1006.3	0.55
13-09-2023	Sunspire Dune	33.8	1006.3	0.58
14-09-2023	Sunspire Dune	33.6	1006.4	0.62
15-09-2023	Sunspire Dune	33.4	1006.4	0.66
16-09-2023	Sunspire Dune	33.2	1006.4	0.69
17-09-2023	Sunspire Dune	33.0	1006.5	0.72
18-09-2023	Sunspire Dune	32.8	1006.5	0.74
19-09-2023	Sunspire Dune	32.6	1006.6	0.75
20-09-2023	Sunspire Dune	32.4	1006.6	0.75
21-09-2023	Sunspire Dune	32.1	1006.6	0.75
22-09-2023	Sunspire Dune	31.9	1006.7	0.74
23-09-2023	Sunspire Dune	31.7	1006.7	0.72
24-09-2023	Sunspire Dune	31.5	1006.8	0.69
25-09-2023	Sunspire Dune	31.3	1006.8	0.66
26-09-2023	Sunspire Dune	31.1	1006.9	0.62
27-09-2023	Sunspire Dune	30.8	1006.9	0.58
28-09-2023	Sunspire Dune	30.6	1007.0	0.54
29-09-2023	Sunspire Dune	30.4	1007.0	0.5
30-09-2023	Sunspire Dune	30.2	1007.0	0.47
01-10-2023	Sunspire Dune	29.9	1007.1	0.09
02-10-2023	Sunspire Dune	29.7	1007.1	0.09
03-10-2023	Sunspire Dune	29.5	1007.2	0.09
04-10-2023	Sunspire Dune	29.2	1007.2	0.1
05-10-2023	Sunspire Dune	29.0	1007.3	0.1
06-10-2023	Sunspire Dune	28.8	1007.3	0.1
07-10-2023	Sunspire Dune	28.6	1007.4	0.1
08-10-2023	Sunspire Dune	28.3	1007.4	0.11
09-10-2023	Sunspire Dune	28.1	1007.5	0.11
10-10-2023	Sunspire Dune	27.9	1007.5	0.11
11-10-2023	Sunspire Dune	27.7	1007.6	0.11
12-10-2023	Sunspire Dune	27.4	1007.6	0.11
13-10-2023	Sunspire Dune	27.2	1007.7	0.12
14-10-2023	Sunspire Dune	27.0	1007.7	0.12
15-10-2023	Sunspire Dune	26.8	1007.8	0.12
16-10-2023	Sunspire Dune	26.6	1007.8	0.12
17-10-2023	Sunspire Dune	26.4	1007.9	0.12
18-10-2023	Sunspire Dune	26.1	1007.9	0.12
19-10-2023	Sunspire Dune	25.9	1008.0	0.12
20-10-2023	Sunspire Dune	25.7	1008.0	0.12
21-10-2023	Sunspire Dune	25.5	1008.0	0.12
22-10-2023	Sunspire Dune	25.3	1008.1	0.12
23-10-2023	Sunspire Dune	25.1	1008.1	0.12
24-10-2023	Sunspire Dune	24.9	1008.2	0.12
25-10-2023	Sunspire Dune	24.7	1008.2	0.12
26-10-2023	Sunspire Dune	24.6	1008.3	0.11
27-10-2023	Sunspire Dune	24.4	1008.3	0.11
28-10-2023	Sunspire Dune	24.2	1008.4	0.11
29-10-2023	Sunspire Dune	24.0	1008.4	0.11
30-10-2023	Sunspire Dune	23.9	1008.5	0.11
31-10-2023	Sunspire Dune	23.7	1008.5	0.1
01-11-2023	Sunspire Dune	23.5	1008.6	0.1
02-11-2023	Sunspire Dune	23.4	1008.6	0.1
03-11-2023	Sunspire Dune	23.2	1008.6	0.1
04-11-2023	Sunspire Dune	23.1	1008.7	0.09
05-11-2023	Sunspire Dune	22.9	1008.7	0.09
06-11-2023	Sunspire Dune	22.8	1008.8	0.09
07-11-2023	Sunspire Dune	22.6	1008.8	0.08
08-11-2023	Sunspire Dune	22.5	1008.9	0.08
09-11-2023	Sunspire Dune	22.4	1008.9	0.08
10-11-2023	Sunspire Dune	22.3	1008.9	0.09
11-11-2023	Sunspire Dune	22.2	1009.0	0.09
12-11-2023	Sunspire Dune	22.0	1009.0	0.09
13-11-2023	Sunspire Dune	21.9	1009.1	0.09
14-11-2023	Sunspire Dune	21.8	1009.1	0.1
15-11-2023	Sunspire Dune	21.7	1009.1	0.1
16-11-2023	Sunspire Dune	21.6	1009.2	0.1
17-11-2023	Sunspire Dune	21.5	1009.2	0.11
18-11-2023	Sunspire Dune	21.5	1009.2	0.11
19-11-2023	Sunspire Dune	21.4	1009.3	0.11
20-11-2023	Sunspire Dune	21.3	1009.3	0.11
21-11-2023	Sunspire Dune	21.2	1009.3	0.11
22-11-2023	Sunspire Dune	21.2	1009.4	0.12
23-11-2023	Sunspire Dune	21.1	1009.4	0.12
24-11-2023	Sunspire Dune	21.0	1009.4	0.12
25-11-2023	Sunspire Dune	21.0	1009.5	0.12
26-11-2023	Sunspire Dune	20.9	1009.5	0.12
27-11-2023	Sunspire Dune	20.9	1009.5	0.12
28-11-2023	Sunspire Dune	20.8	1009.6	0.12
29-11-2023	Sunspire Dune	20.8	1009.6	0.12
30-11-2023	Sunspire Dune	20.8	1009.6	0.12
01-12-2023	Sunspire Dune	20.7	1009.7	0.12
02-12-2023	Sunspire Dune	20.7	1009.7	0.12
03-12-2023	Sunspire Dune	20.7	1009.7	0.12
04-12-2023	Sunspire Dune	20.7	1009.7	0.12
05-12-2023	Sunspire Dune	20.6	1009.8	0.12
06-12-2023	Sunspire Dune	20.6	1009.8	0.11
07-12-2023	Sunspire Dune	20.6	1009.8	0.11
08-12-2023	Sunspire Dune	20.6	1009.8	0.11
09-12-2023	Sunspire Dune	20.6	1009.9	0.11
10-12-2023	Sunspire Dune	20.6	1009.9	0.11
11-12-2023	Sunspire Dune	20.6	1009.9	0.1
12-12-2023	Sunspire Dune	20.6	1009.9	0.1
13-12-2023	Sunspire Dune	20.6	1009.9	0.1
14-12-2023	Sunspire Dune	20.6	1010.0	0.09
15-12-2023	Sunspire Dune	20.6	1010.0	0.09
16-12-2023	Sunspire Dune	20.6	1010.0	0.09
17-12-2023	Sunspire Dune	20.6	1010.0	0.09
18-12-2023	Sunspire Dune	20.6	1010.0	0.08
19-12-2023	Sunspire Dune	20.6	1010.0	0.08
20-12-2023	Sunspire Dune	20.6	1010.1	0.08
21-12-2023	Sunspire Dune	20.6	1010.1	0.09
22-12-2023	Sunspire Dune	20.7	1010.1	0.09
23-12-2023	Sunspire Dune	20.7	1010.1	0.09
24-12-2023	Sunspire Dune	20.7	1010.1	0.1
25-12-2023	Sunspire Dune	20.7	1010.1	0.1
26-12-2023	Sunspire Dune	20.7	1010.1	0.1
27-12-2023	Sunspire Dune	20.7	1010.1	0.1
28-12-2023	Sunspire Dune	20.8	1010.1	0.11
29-12-2023	Sunspire Dune	20.8	1010.2	0.11
30-12-2023	Sunspire Dune	20.8	1010.2	0.11
31-12-2023	Sunspire Dune	20.8	1010.2	0.11
